Event Index,UTC Timestamp,UTC Date and Time,Local Timestamp,Local Timezone,Local Date and Time,Experiment ID,Experiment Version,Tree Node Key,Repeat Key,Schedule ID,Participant Public ID,Participant Private ID,Participant Starting Group,Participant Status,Participant Completion Code,Participant External Session ID,Participant Device Type,Participant Device,Participant OS,Participant Browser,Participant Monitor Size,Participant Viewport Size,Checkpoint,Room ID,Room Order,Task Name,Task Version,branch-xe3o,randomiser-mhmr,branch-632j,randomiser-ydsz,randomiser-dv67,randomiser-4jvp,randomiser-whjp,randomiser-8x67,randomiser-wkma,randomiser-dxqf,randomiser-ibiw,branch-tihy,Randomise questionnaire elements?,response-1,response-1-text,response-1-quantised,response-gender,response-impairment,response-impairment-text,response-impairment-quantised,response-native,response-fluency,response-where,response-aoa,END QUESTIONNAIRE
1,1696884011583,09/10/2023 20:40:11,1696884010525,-4,09/10/2023 16:40:10,121155,36,questionnaire-faqc,,32120954,BLIND,9498009,,complete,,652464dd22b1779f67503559,computer,Desktop or Laptop,Mac OS 10.15.7,Chrome 117.0.0.0,1440x900,1440x783,,,,Language Background,4,SoundCheckPassed,3,test passed,,,6,,,,,,yes,No,45-55,,4,Masculino,No,,2,si,Inglés aprendidio desde los 20 años,Costa Rica,1,78646
1,1696885278042,09/10/2023 21:01:18,1696885277800,-5,09/10/2023 16:01:17,121155,36,questionnaire-faqc,,32121104,BLIND,9498087,,complete,,652469f5e3d34d996cb86916,computer,Desktop or Laptop,Windows 10,Chrome 117.0.0.0,1369x671,1366x667,,,,Language Background,4,SoundCheckPassed,7,test passed,,,,,,,3,,yes,No,18-25,,1,female,No,,2,si,ingles 1,en casa,0,57139
1,1696886134697,09/10/2023 21:15:34,1696886132329,-7,09/10/2023 14:15:32,121155,36,questionnaire-faqc,,32121442,BLIND,9498219,,live,,65246ca43015fea7f0b82108,computer,Desktop or Laptop,Windows 10,Firefox 118.0,896x504,896x415,,,,Language Background,4,SoundCheckPassed,1,test passed,6,,,,,,,,yes,No,45-55,,4,masculino,No,,2,si,Hablo el ingles  dese los 5 anos,en mi casa,5,62320
1,1696886370434,09/10/2023 21:19:30,1696886370285,-5,09/10/2023 16:19:30,121155,36,questionnaire-faqc,,32121522,BLIND,9498240,,complete,,65246dd79dce2c17c3151e3f,computer,Desktop or Laptop,Mac OS 10.15.7,Chrome 114.0.0.0,1728x1117,1725x932,,,,Language Background,4,SoundCheckPassed,4,test passed,,,,5,,,,,yes,No,25-35,,2,trans/no-binarie,No,,2,si,"inglés, a los 7",Puerto Rico,0,133904
1,1696886610766,09/10/2023 21:23:30,1696886610601,-4,09/10/2023 17:23:30,121155,36,questionnaire-faqc,,32121608,BLIND,9498264,,complete,,65246ea5c5b88f20469ea226,computer,Desktop or Laptop,Mac OS 10.15.7,Opera 101.0.0.0,1512x982,1452x858,,,,Language Background,4,SoundCheckPassed,5,test passed,,,,,7,,,,yes,No,25-35,,2,Femenina,No,,2,Si,Ingles. Aprendi a los 18,Educacion formal en mi paid de origen,0,68045
1,1696888413958,09/10/2023 21:53:33,1696888412396,-6,09/10/2023 15:53:32,121155,36,questionnaire-faqc,,32122067,BLIND,9498431,,complete,,652474d1da4a55500fe46b02,computer,Desktop or Laptop,Windows 10,Chrome 117.0.0.0,2560x1440,1356x1281,,,,Language Background,4,SoundCheckPassed,8,test passed,,,,,,,,3,yes,No,35-45,,3,Femenino,No,,2,Sí,"Inglés, 13; Francés, 25",En México (nativo),0,56033
1,1696888807920,09/10/2023 22:00:07,1696888807744,-4,09/10/2023 18:00:07,121155,36,questionnaire-faqc,,32122118,BLIND,9498441,,complete,,652477ba236d11f740c8ba51,computer,Desktop or Laptop,Mac OS 10.15.7,Chrome 117.0.0.0,1440x900,1440x783,,,,Language Background,4,SoundCheckPassed,6,test passed,,,,,,2,,,yes,No,25-35,,2,femenino,No,,2,si,ingles,colombia,1,25988
1,1696891641803,09/10/2023 22:47:21,1696891641844,-5,09/10/2023 17:47:21,121155,36,questionnaire-faqc,,32122319,BLIND,9498502,,complete,,652482eab917d506ce6c6985,computer,Desktop or Laptop,Windows 10,Firefox 118.0,1920x1080,1920x919,,,,Language Background,4,SoundCheckPassed,2,test passed,,4,,,,,,,yes,No,18-25,,1,Mujer,No,,2,Si,English,Familia ,1,42027
1,1696891911849,09/10/2023 22:51:51,1696891913265,-4,09/10/2023 18:51:53,121155,36,questionnaire-faqc,,32122356,BLIND,9498514,,complete,,652483e53c6d02dfcecc34f0,computer,Desktop or Laptop,Windows 10,Chrome 117.0.0.0,1536x864,1536x707,,,,Language Background,4,SoundCheckPassed,8,test passed,,,,,,,,1,yes,No,18-25,,1,Hombre,No,,2,Si,"Ingles, 5 Anos ",En mi casa,4,35212
1,1696892160161,09/10/2023 22:56:00,1696892160667,-7,09/10/2023 15:56:00,121155,36,questionnaire-faqc,,32122385,BLIND,9498522,,complete,,652484d5d104cb805ae3922a,computer,Desktop or Laptop,Windows 10,Chrome 117.0.0.0,1280x720,1280x603,,,,Language Background,4,SoundCheckPassed,6,test passed,,,,,,1,,,yes,No,25-35,,2,mujer,No,,2,si,"ingles, 5",en casa,1,125383
1,1696892254414,09/10/2023 22:57:34,1696892253679,-5,09/10/2023 17:57:33,121155,36,questionnaire-faqc,,32122392,BLIND,9498523,,complete,,6524853c40d984bd46506077,computer,Desktop or Laptop,Windows 10,Chrome 117.0.0.0,1536x864,1536x707,,,,Language Background,4,SoundCheckPassed,4,test passed,,,,2,,,,,yes,No,25-35,,2,Mujer,No,,2,Si,Inglés,En la casa,1,127811
1,1696896369714,10/10/2023 00:06:09,1696896369332,-4,09/10/2023 20:06:09,121155,36,questionnaire-faqc,,32122647,BLIND,9498601,,complete,,652494927d669491daa9ef94,computer,Desktop or Laptop,Linux x86_64,Chrome 117.0.0.0,686x1143,686x997,,,,Language Background,4,SoundCheckPassed,1,test passed,8,,,,,,,,yes,No,25-35,,2,femenino,No,,2,si,"Inglés, 13 años",desde el nacimiento ,0,48958
1,1696897140731,10/10/2023 00:19:00,1696897140840,-5,09/10/2023 19:19:00,121155,36,questionnaire-faqc,,32122714,BLIND,9498617,,complete,,6524985924376b11a7812ffe,computer,Desktop or Laptop,Windows 10,Chrome 117.0.0.0,1920x1080,1920x955,,,,Language Background,4,SoundCheckPassed,2,test passed,,5,,,,,,,yes,No,25-35,,2,hombre,No,,2,Si,Ingles,En la casa y en la escuela,3,71620
1,1696897250784,10/10/2023 00:20:50,1696897250413,-5,09/10/2023 19:20:50,121155,36,questionnaire-faqc,,32122720,BLIND,9498619,,complete,,65249894b3e92feebad91aae,computer,Desktop or Laptop,Mac OS 10.15.7,Safari 17.0,1440x900,1116x705,,,,Language Background,4,SoundCheckPassed,7,test passed,,,,,,,5,,yes,No,55-65,,5,F,No,,2,Mi primer idioma.  Mis padres son de Cuba y me trajeron aqui como bebe.,Yo hablo Espanol e Ingles,De mi mama y papa,1,82466
1,1696897318515,10/10/2023 00:21:58,1696897317572,-4,09/10/2023 20:21:57,121155,36,questionnaire-faqc,,32122724,BLIND,9498620,,complete,,652498b6c74c5b197bec0ee2,computer,Desktop or Laptop,Windows 10,Edge 117.0.2045.60,1536x864,1528x716,,,,Language Background,4,SoundCheckPassed,3,test passed,,,5,,,,,,yes,No,25-35,,2,Female,No,,2,Si,Ingles a la edad 4,En casa con mis papa's,1,101382
1,1696897818466,10/10/2023 00:30:18,1696897825112,-5,09/10/2023 19:30:25,121155,36,questionnaire-faqc,,32122750,BLIND,9498623,,complete,,65249ae3420f233b096c6d82,computer,Desktop or Laptop,Windows 10,Firefox 118.0,1536x864,1536x731,,,,Language Background,4,SoundCheckPassed,5,test passed,,,,,6,,,,yes,No,45-55,,4,Masculino,No,,2,Sí,"Inglés, a los cinco años",En casa,1,51167
1,1696897862916,10/10/2023 00:31:02,1696897862764,-7,09/10/2023 17:31:02,121155,36,questionnaire-faqc,,32122752,BLIND,9498624,,complete,,65249b17dbd73885811527ad,computer,Desktop or Laptop,Windows 10,Firefox 118.0,1365x768,1365x692,,,,Language Background,4,SoundCheckPassed,3,test passed,,,7,,,,,,yes,No,25-35,,2,Hombre,No,,2,Si,Ingles a los 5 anos,En casa,0,58818
1,1696898733208,10/10/2023 00:45:33,1696898732935,-4,09/10/2023 20:45:32,121155,36,questionnaire-faqc,,32122803,BLIND,9498632,,complete,,65249d76dbbe6c6799813068,computer,Desktop or Laptop,Windows 10,Chrome 117.0.0.0,1920x1080,1239x907,,,,Language Background,4,SoundCheckPassed,4,test passed,,,,7,,,,,yes,No,35-45,,3,Femenino,No,,2,Si,"Ingles, empece a aprender a los 8 años, mi ultimo año de escuela preparatoria (grade 12) fue bilingue en ingles y español. Con fluidez diria a los 24 años, ya que me mude a Estados Unidos a los 17 años, y me case con un Americano a los 25 años.",Mexico,0,279609
1,1696899203030,10/10/2023 00:53:23,1696899202867,-5,09/10/2023 19:53:22,121155,36,questionnaire-faqc,,32122819,BLIND,9498635,,complete,,6524a06990d5da15727841f6,computer,Desktop or Laptop,Windows 10,Chrome 117.0.0.0,1920x1080,1920x923,,,,Language Background,4,SoundCheckPassed,2,test passed,,8,,,,,,,yes,No,25-35,,2,Masculino,No,,2,Si,Ingles,Ecuador,0,30087
1,1696903001838,10/10/2023 01:56:41,1696903001517,-4,09/10/2023 21:56:41,121155,36,questionnaire-faqc,,32123030,BLIND,9498700,,complete,,6524af26e408f4582fec10d8,computer,Desktop or Laptop,Windows 10,Chrome 117.0.0.0,1920x1080,1920x955,,,,Language Background,4,SoundCheckPassed,6,test passed,,,,,,3,,,yes,No,25-35,,2,Mujer,No,,2,si,Ingles,en casa,0,52441
1,1696903499626,10/10/2023 02:04:59,1696903499257,-5,09/10/2023 21:04:59,121155,36,questionnaire-faqc,,32123053,BLIND,9498706,,complete,,6524b113291669a04bcb24a9,computer,Desktop or Laptop,Mac OS 10.15.7,Safari 15.6.1,1470x956,983x840,,,,Language Background,4,SoundCheckPassed,8,test passed,,,,,,,,2,yes,No,25-35,,2,Mujer,No,,2,"Si, español.","Ingles, a los 5 años.",Con mis padres y familia.,1,64107
1,1696903636558,10/10/2023 02:07:16,1696903636089,-7,09/10/2023 19:07:16,121155,36,questionnaire-faqc,,32123057,BLIND,9498708,,complete,,6524b1b7a54a92c7a5e9b019,computer,Desktop or Laptop,Mac OS 10.15.7,Chrome 117.0.0.0,1280x800,1280x660,,,,Language Background,4,SoundCheckPassed,7,test passed,,,,,,,4,,yes,No,25-35,,2,masculino,No,,2,Si,Ingles,En casa y en la escuela,0,40894
1,1696904881531,10/10/2023 02:28:01,1696904881358,-7,09/10/2023 19:28:01,121155,36,questionnaire-faqc,,32123136,BLIND,9498726,,complete,,6524b6991d2c8c69f3def1c5,computer,Desktop or Laptop,Mac OS 10.15.7,Chrome 117.0.0.0,1680x1050,1680x940,,,,Language Background,4,SoundCheckPassed,1,test passed,3,,,,,,,,yes,No,25-35,,2,Masculino,No,,2,Si,Inglés a los 12 años,México,0,23278
1,1696905199305,10/10/2023 02:33:19,1696905198966,-7,09/10/2023 19:33:18,121155,36,questionnaire-faqc,,32123171,BLIND,9498736,,complete,,6524b7c03c3a09efe7d5d7eb,computer,Desktop or Laptop,Windows 10,Chrome 117.0.0.0,1920x1080,1920x923,,,,Language Background,4,SoundCheckPassed,8,test passed,,,,,,,,5,yes,No,25-35,,2,Masculino,No,,2,Si,Ingles; infante,En el hogar,0,72796
1,1696905387061,10/10/2023 02:36:27,1696905804958,-5,09/10/2023 21:43:24,121155,36,questionnaire-faqc,,32123186,BLIND,9498740,,complete,,6524b88c667eea373b3922ce,computer,Desktop or Laptop,Mac OS 10.15,Firefox 118.0,1440x900,1440x740,,,,Language Background,4,SoundCheckPassed,6,test passed,,,,,,5,,,yes,No,18-25,,1,Femenino ,No,,2,Si,Ingles ,De mis papas ,5,29180
1,1696910308075,10/10/2023 03:58:28,1696910307924,-7,09/10/2023 20:58:27,121155,36,questionnaire-faqc,,32123387,BLIND,9498798,,complete,,6524cbbc0379b41f3ed5d88e,computer,Desktop or Laptop,Mac OS 10.15.7,Chrome 117.0.0.0,1280x800,1280x715,,,,Language Background,4,SoundCheckPassed,4,test passed,,,,8,,,,,yes,No,18-25,,1,femenino ,Si,,1,si,inglés / 4 años,Mis padres,3,165849
1,1696911018000,10/10/2023 04:10:18,1696911018711,-7,09/10/2023 21:10:18,121155,36,questionnaire-faqc,,32123414,BLIND,9498807,,complete,,6524ce8bf0823363318c0d90,computer,Desktop or Laptop,Windows 10,Edge 116.0.1938.81,1366x768,1342x677,,,,Language Background,4,SoundCheckPassed,1,test passed,2,,,,,,,,yes,No,18-25,,1,female,No,,2,yes spanish,english at 6,familia,3,110955
1,1696921725115,10/10/2023 07:08:45,1696921724995,-7,10/10/2023 00:08:44,121155,36,questionnaire-faqc,,32123967,BLIND,9498951,,complete,,6524f837802955cb12c8ce4f,computer,Desktop or Laptop,Windows 10,Chrome 117.0.0.0,4096x1152,1598x998,,,,Language Background,4,SoundCheckPassed,3,test passed,,,2,,,,,,yes,No,25-35,,2,Hombre,Si,,1,Si,"Ingles, 8",Padres,2,42447
1,1697334793560,15/10/2023 01:53:13,1697334793279,-7,14/10/2023 18:53:13,121155,36,questionnaire-faqc,,32245116,BLIND,9534966,,complete,,652b45db99d7dea192d620b2,computer,Desktop or Laptop,Windows 10,Chrome 117.0.0.0,1366x768,1366x651,,,,Language Background,4,SoundCheckPassed,3,test passed,,,8,,,,,,yes,No,35-45,,3,femenino,No,,2,espanol,ingles 4,en casa,2,51317
1,1697335090561,15/10/2023 01:58:10,1697335090364,-7,14/10/2023 18:58:10,121155,36,questionnaire-faqc,,32245126,BLIND,9534992,,complete,,652b4714086dd362bc2962f8,computer,Desktop or Laptop,Mac OS 10.15.7,Chrome 118.0.0.0,1280x800,1280x715,,,,Language Background,4,SoundCheckPassed,2,test passed,,4,,,,,,,yes,No,18-25,,1,mujer ,No,,2,si ,"ingles, 6 anos ",de mis padres ,1,48074
1,1697420505529,16/10/2023 01:41:45,1697420505309,-5,15/10/2023 20:41:45,121155,36,questionnaire-faqc,,32258050,BLIND,9539125,,complete,,652c949e7ae78f67fed11ed2,computer,Desktop or Laptop,Mac OS 10.15.7,Chrome 116.0.0.0,1440x900,1331x757,,,,Language Background,4,SoundCheckPassed,4,test passed,,,,3,,,,,yes,No,18-25,,1,mujer,No,,2,Si,"ingles, 2 años",en casa,1,37441
1,1697577656948,17/10/2023 21:20:56,1697577657203,-5,17/10/2023 16:20:57,121155,36,questionnaire-faqc,,32318182,BLIND,9556259,,complete,,652efa9bd3d969c1e058f063,computer,Desktop or Laptop,Windows 10,Chrome 117.0.0.0,1600x900,1600x775,,,,Language Background,4,SoundCheckPassed,3,test passed,,,6,,,,,,yes,No,18-25,,1,femenino,No,,2,si,"ingles, 10 ",en casa,0,36364
1,1698538443354,29/10/2023 00:14:03,1698538445121,-6,28/10/2023 18:14:05,121155,36,questionnaire-faqc,,32553002,BLIND,9632680,,complete,,653da382629998c0df531052,computer,Desktop or Laptop,Linux x86_64,Chrome 118.0.0.0,486x1079,980x1891,,,,Language Background,4,SoundCheckPassed,1,test passed,8,,,,,,,,yes,No,35-45,,3,masculino ,No,,2,si,inglés (16 años),México ,0,110659
1,1698692246031,30/10/2023 18:57:26,1698692245670,-7,30/10/2023 11:57:25,121155,36,questionnaire-faqc,,32584136,BLIND,9642250,,complete,,653ffc7ee773b8bbd3910817,computer,Desktop or Laptop,Mac OS 10.15.7,Safari 16.5,1440x900,1440x820,,,,Language Background,4,SoundCheckPassed,8,test passed,,,,,,,,6,yes,No,25-35,,2,hombre,No,,2,ingles,"ingles, edad 3",en la casa,1,30536
1,1698301238971,26/10/2023 06:20:38,1698301238701,-6,26/10/2023 00:20:38,121155,36,questionnaire-faqc,,32500182,BLIND,9618596,,complete,,653a050a082d07a3ad175d97,computer,Desktop or Laptop,Mac OS 10.15.7,Chrome 115.0.0.0,1440x900,1440x815,,,,Language Background,4,SoundCheckPassed,6,test passed,,,,,,2,,,yes,No,25-35,,2,Femenino,No,,2,Si,Ingles- lo aprendi a los cuatro anos.,en casa,1,50334
1,1698290052254,26/10/2023 03:14:12,1698290052139,-4,25/10/2023 23:14:12,121155,36,questionnaire-faqc,,32499511,BLIND,9618345,,complete,,6539d96b12ab32fdfff3a6a4,computer,Desktop or Laptop,Mac OS 10.15.7,Chrome 118.0.0.0,1440x900,1440x815,,,,Language Background,4,SoundCheckPassed,3,test passed,,,5,,,,,,yes,No,18-25,,1,Mujer,No,,2,Si ,"ingles a los cuatro, frances a los doce, y portugues a los veinte",en casa ,0,286074
1,1698289432035,26/10/2023 03:03:52,1698289431606,-4,25/10/2023 23:03:51,121155,36,questionnaire-faqc,,32499379,BLIND,9618333,,complete,,6539d615614526745164e848,computer,Desktop or Laptop,Windows 10,Chrome 118.0.0.0,1536x864,1536x715,,,,Language Background,4,SoundCheckPassed,5,test passed,,,,,1,,,,yes,No,18-25,,1,Masculino,No,,2,"Si, el español es mi lengua materna",Aprendi hablar ingles con fluidez cuando tenia entre 5 y 7 años,En la casa con familia,5,255607
1,1698280403642,26/10/2023 00:33:23,1698280403251,-4,25/10/2023 20:33:23,121155,36,questionnaire-faqc,,32498574,BLIND,9618036,,complete,,6539b39c9a10827737460a02,computer,Desktop or Laptop,Mac OS 10.15.7,Safari 17.0,1440x900,1440x820,,,,Language Background,4,SoundCheckPassed,7,test passed,,,,,,,1,,yes,No,18-25,,1,Mujer,No,,2,Si,"Ingles, lo aprendi como a los 10 o 11 años",En mi escuela.,5,228835
1,1698263016629,25/10/2023 19:43:36,1698263005602,-7,25/10/2023 12:43:25,121155,36,questionnaire-faqc,,32494782,BLIND,9616993,,complete,,65396f08c08e2d8319ade238,computer,Desktop or Laptop,Windows 10,Chrome 117.0.0.0,1504x1003,1496x879,,,,Language Background,4,SoundCheckPassed,1,test passed,7,,,,,,,,yes,No,45-55,,4,femenino,No,,2,si,Aprendi el Ingles a los cinco años de edad.,Aprendí el Español en casa.,1,106246
1,1698230840462,25/10/2023 10:47:20,1698230840342,-4,25/10/2023 06:47:20,121155,36,questionnaire-faqc,,32478675,BLIND,9612465,,complete,,6538f1f65583c8d487aa50b2,computer,Desktop or Laptop,Mac OS 10.15.7,Chrome 116.0.0.0,1920x1080,1920x963,,,,Language Background,4,SoundCheckPassed,8,test passed,,,,,,,,2,yes,No,25-35,,2,masculino,No,,2,Si,"ingles, malagasy. ingles desde chico y malagasy a los 23",en casa,0,43239
1,1698207629226,25/10/2023 04:20:29,1698207629146,-6,24/10/2023 22:20:29,121155,36,questionnaire-faqc,,32470726,BLIND,9610587,,complete,,65389757fce5d7e0974fec21,computer,Desktop or Laptop,Windows 10,Edge 117.0.2045.60,1536x864,1488x742,,,,Language Background,4,SoundCheckPassed,4,test passed,,,,6,,,,,yes,No,18-25,,1,mujer,No,,2,si,ingles,padres,5,44046
1,1698133690728,24/10/2023 07:48:10,1698133690452,-7,24/10/2023 00:48:10,121155,36,questionnaire-faqc,,32448336,BLIND,9602917,,complete,,65377699923dd94a8421cf22,computer,Desktop or Laptop,Windows 10,Chrome 118.0.0.0,1060x597,1060x454,,,,Language Background,4,SoundCheckPassed,7,test passed,,,,,,,5,,yes,No,45-55,,4,female,No,,2,English,English,En Casa,2,83265
1,1698131800771,24/10/2023 07:16:40,1698131800619,-7,24/10/2023 00:16:40,121155,36,questionnaire-faqc,,32447998,BLIND,9602766,,complete,,65376ee53675c093077f0a00,computer,Desktop or Laptop,Windows 10,Chrome 118.0.0.0,1536x864,1536x707,,,,Language Background,4,SoundCheckPassed,4,test passed,,,,2,,,,,yes,No,18-25,,1,Femenino,No,,2,Si,Ingles; 7 años,En casa,0,437020
1,1698101706489,23/10/2023 22:55:06,1698101706138,-5,23/10/2023 17:55:06,121155,36,questionnaire-faqc,,32445026,BLIND,9601828,,complete,,6536f9b4a7091698f1fc9b67,computer,Desktop or Laptop,Windows 10,Edge 118.0.2088.61,1280x720,1232x598,,,,Language Background,4,SoundCheckPassed,6,test passed,,,,,,8,,,yes,No,18-25,,1,female,No,,2,si,Aprendi ingles a los 5 anos,en casa ,0,63763
1,1698097455611,23/10/2023 21:44:15,1698097455456,-4,23/10/2023 17:44:15,121155,36,questionnaire-faqc,,32443853,BLIND,9601545,,complete,,6536e917e74da7f28c7d08c3,computer,Desktop or Laptop,Mac OS 10.15.7,Chrome 118.0.0.0,2560x1440,1282x1239,,,,Language Background,4,SoundCheckPassed,8,test passed,,,,,,,,5,yes,No,35-45,,3,M,No,,2,Si,Ingles,En casa,2,32918
1,1698081638665,23/10/2023 17:20:38,1698081568597,-7,23/10/2023 10:19:28,121155,36,questionnaire-faqc,,32436700,BLIND,9599713,,complete,,6536ab1d162c88deae330872,computer,Desktop or Laptop,Windows 10,Chrome 118.0.0.0,1920x1080,1920x963,,,,Language Background,4,SoundCheckPassed,3,test passed,,,2,,,,,,yes,No,18-25,,1,Hombre,No,,2,Si es mi primer lenguaje,Ingles yo aprendi los dos idiomas cuando era nino,de mis padres y en la escuela tambien,4,67218
1,1698074801594,23/10/2023 15:26:41,1698074804232,-4,23/10/2023 11:26:44,121155,36,questionnaire-faqc,,32433873,BLIND,9598837,,complete,,65369071b08db0604243ae1e,computer,Desktop or Laptop,Windows 10,Edge 118.0.2088.61,1536x864,1528x742,,,,Language Background,4,SoundCheckPassed,5,test passed,,,,,3,,,,yes,No,18-25,,1,M,No,,2,Si/,"Ingles, Frances, Portugues",De mis padres,0,39319
1,1698073111795,23/10/2023 14:58:31,1698073114568,-4,23/10/2023 10:58:34,121155,36,questionnaire-faqc,,32432838,BLIND,9598519,,complete,,653689dba2229d83d1dfe88a,computer,Desktop or Laptop,Windows 10,Chrome 118.0.0.0,1536x864,1536x739,,,,Language Background,4,SoundCheckPassed,2,test passed,,3,,,,,,,yes,No,35-45,,3,Hombre,No,,2,Si,Ingles,En casa,1,37995
1,1698071947134,23/10/2023 14:39:07,1698071946973,-4,23/10/2023 10:39:06,121155,36,questionnaire-faqc,,32432215,BLIND,9598306,,complete,,6536854033e7aaefb597a19b,computer,Desktop or Laptop,Mac OS 10.15.7,Chrome 118.0.0.0,1440x900,1440x707,,,,Language Background,4,SoundCheckPassed,1,test passed,3,,,,,,,,yes,No,25-35,,2,Mujer,No,,2,Si,Ingles,En casa,0,25539
1,1698041784385,23/10/2023 06:16:24,1698041784269,-5,23/10/2023 01:16:24,121155,36,questionnaire-faqc,,32420555,BLIND,9593509,,complete,,65360f8a7a429cb544f6a05b,computer,Desktop or Laptop,Windows 10,Chrome 117.0.0.0,1280x720,1280x563,,,,Language Background,4,SoundCheckPassed,1,test passed,2,,,,,,,,yes,No,18-25,,1,F,No,,2,Si es mi lengua materna,Aprendi el ingles a los 8 anos de edad,Por mis padres,3,144036
1,1698035801201,23/10/2023 04:36:41,1698035802943,-7,22/10/2023 21:36:42,121155,36,questionnaire-faqc,,32420192,BLIND,9593399,,complete,,6535f7c67a429cb544f69e0d,computer,Desktop or Laptop,Windows 10,Chrome 118.0.0.0,1280x800,1138x608,,,,Language Background,4,SoundCheckPassed,7,test passed,,,,,,,8,,yes,No,55-65,,5,Femenino,No,,2,"Si, espanol","Ingles, ASL",En mi casa en El Salvador,0,78020
1,1697918557588,21/10/2023 20:02:37,1697918557329,-4,21/10/2023 16:02:37,121155,36,questionnaire-faqc,,32403817,BLIND,9589194,,complete,,65342dbe57803c27d638d8e0,computer,Desktop or Laptop,Mac OS 10.15.7,Chrome 118.0.0.0,1280x800,1280x690,,,,Language Background,4,SoundCheckPassed,8,test passed,,,,,,,,3,yes,No,25-35,,2,femenino,No,,2,Sí.,Inglés a los dos años de edad,En Chile durante mis dos primeros años de vida y luego en casa cuando nos mudamos a los Estados Unidos,0,89313
1,1697917269288,21/10/2023 19:41:09,1697917269421,-5,21/10/2023 14:41:09,121155,36,questionnaire-faqc,,32403642,BLIND,9589138,,complete,,653429262d29dfe51b1bf774,computer,Desktop or Laptop,Windows 10,Edge 117.0.2045.60,1368x912,1320x774,,,,Language Background,4,SoundCheckPassed,6,test passed,,,,,,3,,,yes,No,25-35,,2,f,No,,2,si,"ingles, 4 anos",en la casa,1,98455
1,1697911625624,21/10/2023 18:07:05,1697911625867,-5,21/10/2023 13:07:05,121155,36,questionnaire-faqc,,32402527,BLIND,9588796,,complete,,653413344c4cee10658074b0,computer,Desktop or Laptop,Windows 10,Firefox 118.0,2560x1440,2560x1315,,,,Language Background,4,SoundCheckPassed,5,test passed,,,,,2,,,,yes,No,25-35,,2,Male,No,,2,Si,Ingles,Mis papas,3,39204
1,1697854248176,21/10/2023 02:10:48,1697854248030,-4,20/10/2023 22:10:48,121155,36,questionnaire-faqc,,32393000,BLIND,9585510,,complete,,6533330b9ff08900c5f6b7db,computer,Desktop or Laptop,Windows 10,Chrome 118.0.0.0,1920x1080,1920x955,,,,Language Background,4,SoundCheckPassed,3,test passed,,,7,,,,,,yes,No,18-25,,1,Hombre,No,,2,Si,Ingles,Mis padres,3,29756
1,1697758414292,19/10/2023 23:33:34,1697758414145,-7,19/10/2023 16:33:34,121155,36,questionnaire-faqc,,32372774,BLIND,9573522,,complete,,6531bb7ca5a8e2ed76daff2b,computer,Desktop or Laptop,Mac OS 10.14.6,Safari 14.1.2,1280x800,1280x737,,,,Language Background,4,SoundCheckPassed,2,test passed,,8,,,,,,,yes,No,25-35,,2,F,No,,2,Si,"ingles, a los 5 años",en mi casa,1,52229
1,1697758080627,19/10/2023 23:28:00,1697758080305,-4,19/10/2023 19:28:00,121155,36,questionnaire-faqc,,32372741,BLIND,9573510,,complete,,6531bb607f61a43bd766ce6c,computer,Desktop or Laptop,Windows 10,Firefox 118.0,1366x768,1296x655,,,,Language Background,4,SoundCheckPassed,4,test passed,,,,7,,,,,yes,No,35-45,,3,varon,No,,2,Si,Ingles,En casa,3,54212
1,1697750959400,19/10/2023 21:29:19,1697750959160,-7,19/10/2023 14:29:19,121155,36,questionnaire-faqc,,32371861,BLIND,9573260,,complete,,65319f9c9929e45cf23e78a9,computer,Desktop or Laptop,Mac OS 10.15.7,Chrome 117.0.0.0,1440x900,1440x783,,,,Language Background,4,SoundCheckPassed,8,test passed,,,,,,,,7,yes,No,25-35,,2,Mujer,No,,2,Si,Ingles,Familia,0,49956
1,1697747519466,19/10/2023 20:31:59,1697747518684,-7,19/10/2023 13:31:58,121155,36,questionnaire-faqc,,32371106,BLIND,9573065,,complete,,653191cf432016cde3391496,computer,Desktop or Laptop,Windows 10,Chrome 118.0.0.0,1280x800,1280x675,,,,Language Background,4,SoundCheckPassed,7,test passed,,,,,,,6,,yes,No,25-35,,2,Femenino ,No,,2,Si.,Ingles. Mas on menos a los 4/5 años. ,En casa.,3,182147
1,1697601226936,18/10/2023 03:53:46,1697601226254,-4,17/10/2023 23:53:46,121155,36,questionnaire-faqc,,32321198,BLIND,9557225,,complete,,652f56aec589a18943282134,computer,Desktop or Laptop,Windows 10,Firefox 118.0,1920x1080,1920x927,,,,Language Background,4,SoundCheckPassed,6,test passed,,,,,,7,,,yes,No,25-35,,2,Hombre,No,,2,Si es.,"Ingles, como a los seis años.",En la casa con mi familia. ,0,127864
1,1697523049533,17/10/2023 06:10:49,1697523048668,-7,16/10/2023 23:10:48,121155,36,questionnaire-faqc,,32282510,BLIND,9546917,,complete,,652e2519aae98d815fcf5b9e,computer,Desktop or Laptop,Chromium OS 14816.131.0,Chrome 103.0.0.0,1366x768,1366x649,,,,Language Background,4,SoundCheckPassed,4,test passed,,,,1,,,,,yes,No,45-55,,4,mujer,No,,2,si,englis,es mi primera idioma,1,177946
1,1697486618390,16/10/2023 20:03:38,1697486617922,-4,16/10/2023 16:03:37,121155,36,questionnaire-faqc,,32277917,BLIND,9545357,,complete,,652d96f24bf8bd720b532bf3,computer,Desktop or Laptop,Windows 10,Chrome 117.0.0.0,1920x1080,1920x923,,,,Language Background,4,SoundCheckPassed,5,test passed,,,,,8,,,,yes,No,18-25,,1,f,No,,2,si,"ingles, 5",aprendi espanol en casa a pesar de vivir en los Estados Unidos,1,366369
1,1697481430936,16/10/2023 18:37:10,1697481430783,-5,16/10/2023 13:37:10,121155,36,questionnaire-faqc,,32276027,BLIND,9544859,,complete,,652d82aed08c6435db58fc19,computer,Desktop or Laptop,Mac OS 10.15.7,Edge 118.0.2088.46,1920x1080,1920x944,,,,Language Background,4,SoundCheckPassed,1,test passed,5,,,,,,,,yes,No,25-35,,2,Masculino,No,,2,"Si, Español",Ingles a los 7 años de edad,En mi hogar,1,136799
1,1700537474542,21/11/2023 03:31:14,1700537473974,-6,20/11/2023 21:31:13,121155,36,questionnaire-faqc,,33090306,BLIND,9798637,,complete,,655c2456b7ade7c0c72a6223,computer,Desktop or Laptop,Windows 10,Chrome 119.0.0.0,1440x960,1440x843,,,,Language Background,4,SoundCheckPassed,1,test passed,5,,,,,,,,yes,No,25-35,,2,Mujer,No,,2,Si,"Ingles, 3 anos",En la casa por mis padres,0,52124
1,1697480971231,16/10/2023 18:29:31,1697480971049,-7,16/10/2023 11:29:31,121155,36,questionnaire-faqc,,32275906,BLIND,9544827,,complete,,652d80f0e52ee52ad5c25ca3,computer,Desktop or Laptop,Windows 10,Chrome 118.0.0.0,1920x1080,1920x923,,,,Language Background,4,SoundCheckPassed,1,test passed,6,,,,,,,,yes,No,18-25,,1,Female,No,,2,ingles,coreano,mis padres ,2,93371
1,1697427339051,16/10/2023 03:35:39,1697427338845,-7,15/10/2023 20:35:38,121155,36,questionnaire-faqc,,32258287,BLIND,9539218,,complete,,652caf6c2e33a68d9a24c119,computer,Desktop or Laptop,Mac OS 10.15.7,Chrome 117.0.0.0,1440x900,1420x770,,,,Language Background,4,SoundCheckPassed,6,test passed,,,,,,4,,,yes,No,18-25,,1,hembra,No,,2,Si,Ingles. A los 2 anos ,En mi casa,2,88034
1,1700791704361,24/11/2023 02:08:24,1700791706468,-8,23/11/2023 18:08:26,121155,36,questionnaire-faqc,,33181026,BLIND,9823936,,complete,,6560053e93f24d1bdbabe3bf,computer,Desktop or Laptop,Windows 10,Edge 119.0.0.0,1423x889,1415x767,,,,Language Background,4,SoundCheckPassed,3,test passed,,,7,,,,,,yes,No,45-55,,4,mujer,No,,2,Si,Ingles,Casa,1,33565
1,1697415498429,16/10/2023 00:18:18,1697415498205,-4,15/10/2023 20:18:18,121155,36,questionnaire-faqc,,32257861,BLIND,9539061,,complete,,652c81314715bb2078456f4b,computer,Desktop or Laptop,Mac OS 10.15.7,Chrome 117.0.0.0,1440x900,1359x725,,,,Language Background,4,SoundCheckPassed,8,test passed,,,,,,,,1,yes,No,35-45,,3,femenina,No,,2,Si,Ingles ,En mi casa,3,94202
1,1697409809388,15/10/2023 22:43:29,1697409809123,-7,15/10/2023 15:43:29,121155,36,questionnaire-faqc,,32257583,BLIND,9538947,,complete,,652c6af7d96abb74680db2e6,computer,Desktop or Laptop,Mac OS 10.15.7,Chrome 117.0.0.0,1440x900,1440x731,,,,Language Background,4,SoundCheckPassed,7,test passed,,,,,,,2,,yes,No,18-25,,1,femenino,No,,2,Español es mi lengua materna,"hablo Inglés, lo aprendí cuando tenía seis años",en mi casa con mis padres,1,176935
1,1697330821901,15/10/2023 00:47:01,1697330823237,-4,14/10/2023 20:47:03,121155,36,questionnaire-faqc,,32245057,BLIND,9534870,,complete,,652b3668e8f3a7785d4aae74,computer,Desktop or Laptop,Windows 10,Firefox 118.0,1280x720,1280x559,,,,Language Background,4,SoundCheckPassed,5,test passed,,,,,4,,,,yes,No,25-35,,2,Hombre,No,,2,SI,Ingles,Mis padres,0,47827
1,1697309088705,14/10/2023 18:44:48,1697309088581,-7,14/10/2023 11:44:48,121155,36,questionnaire-faqc,,32242413,BLIND,9534088,,complete,,652ae17910858a0642d0e3b5,computer,Desktop or Laptop,Windows 10,Chrome 116.0.0.0,1536x864,1536x739,,,,Language Background,4,SoundCheckPassed,6,test passed,,,,,,5,,,yes,No,25-35,,2,F,No,,2,Si,Ingles,En casa y escuela,0,56571
1,1697305228645,14/10/2023 17:40:28,1697305230879,-5,14/10/2023 12:40:30,121155,36,questionnaire-faqc,,32241620,BLIND,9533861,,complete,,652ad1f7a639f4cb5c294791,computer,Desktop or Laptop,Windows 10,Chrome 117.0.0.0,1536x864,1536x715,,,,Language Background,4,SoundCheckPassed,5,test passed,,,,,6,,,,yes,No,25-35,,2,mujer,No,,2,Sí,Inglés,en la casa,0,55238
1,1697250112620,14/10/2023 02:21:52,1697250111674,-7,13/10/2023 19:21:51,121155,36,questionnaire-faqc,,32231323,BLIND,9531368,,complete,,6529fb06b58501d48d3035f9,computer,Desktop or Laptop,Windows 10,Firefox 118.0,1920x1080,1920x993,,,,Language Background,4,SoundCheckPassed,8,test passed,,,,,,,,4,yes,No,25-35,,2,Masculino,No,,2,Si,Ingles,En la casa,0,126666
1,1697245355779,14/10/2023 01:02:35,1697245356731,-4,13/10/2023 21:02:36,121155,36,questionnaire-faqc,,32230984,BLIND,9531298,,complete,,6529e894d5f312d8e02dbf2b,computer,Desktop or Laptop,Windows 10,Chrome 117.0.0.0,1536x864,1536x747,,,,Language Background,4,SoundCheckPassed,7,test passed,,,,,,,4,,yes,No,25-35,,2,Femenino,No,,2,Si,Inglés. A los 12 años. ,México,1,153259
1,1697174401728,13/10/2023 05:20:01,1697174401328,-4,13/10/2023 01:20:01,121155,36,questionnaire-faqc,,32211428,BLIND,9525258,,complete,,6528d34f1b911e3ded8d6392,computer,Desktop or Laptop,Windows 10,Chrome 117.0.0.0,1920x1080,1920x931,,,,Language Background,4,SoundCheckPassed,1,test passed,4,,,,,,,,yes,No,18-25,,1,masculino,No,,2, si,Ingles es el segundo idioma que hablo con fluidez. lo basico lo aprendi como a los 7 años y despues a los 11 mas seriamente,en la escuela y en mi casa,0,143307
1,1697159656945,13/10/2023 01:14:16,1697159656824,-5,12/10/2023 20:14:16,121155,36,questionnaire-faqc,,32210779,BLIND,9525092,,complete,,652899d99122c32ceb43bf7e,computer,Desktop or Laptop,Mac OS 10.15.7,Chrome 117.0.0.0,1440x900,1440x706,,,,Language Background,4,SoundCheckPassed,4,test passed,,,,8,,,,,yes,No,25-35,,2,Mujer,No,,2,El español es mi lengua materna.,Tambien hablo ingles. Aprendi ingles a los cinco años.,De mis padres,2,110764
1,1697151128038,12/10/2023 22:52:08,1697151127889,-7,12/10/2023 15:52:07,121155,36,questionnaire-faqc,,32210113,BLIND,9524953,,complete,,6528787a4d0244062549da3c,computer,Desktop or Laptop,Mac OS 10.15.7,Safari 15.2,1440x900,1440x724,,,,Language Background,4,SoundCheckPassed,2,test passed,,6,,,,,,,yes,No,18-25,,1,mujer,No,,2,no. Mi primer idioma es ingles,ingles. Lo aprendi a los 5 anos,mi mama,0,54222
1,1697135322534,12/10/2023 18:28:42,1697135323592,-7,12/10/2023 11:28:43,121155,36,questionnaire-faqc,,32206886,BLIND,9523784,,complete,,65283a9b10174ed117239cd7,computer,Desktop or Laptop,Windows 10,Chrome 118.0.0.0,1681x948,1680x943,,,,Language Background,4,SoundCheckPassed,3,test passed,,,4,,,,,,yes,No,18-25,,1,Macho,No,,2,Sí,Ingles - a los 4 años,En la casa,1,166138
1,1697121014664,12/10/2023 14:30:14,1697121014437,-4,12/10/2023 10:30:14,121155,36,questionnaire-faqc,,32198692,BLIND,9521750,,complete,,652802e3e3d4520066279d25,computer,Desktop or Laptop,Windows 10,Chrome 117.0.0.0,1200x800,1200x651,,,,Language Background,4,SoundCheckPassed,3,test passed,,,1,,,,,,yes,No,25-35,,2,FEMININO,No,,2,SI ,INGLES,EN LA ESCUELA Y EN CASA ,2,34821
1,1697086511330,12/10/2023 04:55:11,1697086511969,-5,11/10/2023 23:55:11,121155,36,questionnaire-faqc,,32183653,BLIND,9518007,,complete,,65277c18b3da1f971c693ce8,computer,Desktop or Laptop,Windows 10,Opera 102.0.0.0,1920x1080,1879x939,,,,Language Background,4,SoundCheckPassed,4,test passed,,,,3,,,,,yes,No,25-35,,2,hombre,No,,2,si,ingles,en casa,3,83190
1,1701840905915,06/12/2023 05:35:05,1701840905709,-6,05/12/2023 23:35:05,121155,36,questionnaire-faqc,,33464039,BLIND,9902923,,complete,,657007ee8aae019b0f0a5228,computer,Desktop or Laptop,Mac OS 10.15.7,Chrome 119.0.0.0,1440x900,1200x636,,,,Language Background,4,SoundCheckPassed,6,test passed,,,,,,7,,,yes,No,18-25,,1,F,No,,2,Si,Ingles,En casa,3,41509
1,1697062171068,11/10/2023 22:09:31,1697062170767,-4,11/10/2023 18:09:30,121155,36,questionnaire-faqc,,32181643,BLIND,9517397,,complete,,65271cf088536666f206ea2b,computer,Desktop or Laptop,Windows 10,Edge 117.0.2045.60,1280x800,1272x644,,,,Language Background,4,SoundCheckPassed,5,test passed,,,,,1,,,,yes,No,18-25,,1,Hombre,No,,2,Si,"Ingles, 3",De mis papas,0,57215
1,1697061116627,11/10/2023 21:51:56,1697061116523,-4,11/10/2023 17:51:56,121155,36,questionnaire-faqc,,32181459,BLIND,9517339,,complete,,652718a12fedf0f9cc2c726c,computer,Desktop or Laptop,Mac OS 10.15.7,Chrome 116.0.0.0,1440x900,1337x688,,,,Language Background,4,SoundCheckPassed,6,test passed,,,,,,7,,,yes,No,18-25,,1,Mujer,No,,2,Si es mi lengua materna,"Ingles, desde los 4 o 5 anos",En la casa y con familia,1,56804
1,1701926780289,07/12/2023 05:26:20,1701926780152,-8,06/12/2023 21:26:20,121155,36,questionnaire-faqc,,33507255,BLIND,9911893,,complete,,6571573bdc75f34174a33611,computer,Desktop or Laptop,Windows 10,Chrome 118.0.0.0,1536x864,1536x707,,,,Language Background,4,SoundCheckPassed,5,test passed,,,,,8,,,,yes,No,25-35,,2,Femenino,No,,2,Si,Ingles,Lengua materna.,1,41243
1,1697059673217,11/10/2023 21:27:53,1697059670771,-7,11/10/2023 14:27:50,121155,36,questionnaire-faqc,,32181202,BLIND,9517268,,complete,,65271323205901c8adac8338,computer,Desktop or Laptop,Windows 10,Chrome 117.0.0.0,1664x1110,1664x953,,,,Language Background,4,SoundCheckPassed,7,test passed,,,,,,,1,,yes,No,18-25,,1,hombre,No,,2,Si,Ingles ,Mexico,3,53979
1,1697050254578,11/10/2023 18:50:54,1697050254702,-5,11/10/2023 13:50:54,121155,36,questionnaire-faqc,,32178687,BLIND,9516487,,complete,,6526ee1aae50778de83a4db6,computer,Desktop or Laptop,Windows 10,Chrome 117.0.0.0,1366x768,1366x651,,,,Language Background,4,SoundCheckPassed,2,test passed,,7,,,,,,,yes,No,25-35,,2,female,No,,2,si,english 7=10 years old,mi mama,1,57612
1,1697042640978,11/10/2023 16:44:00,1697042640842,-4,11/10/2023 12:44:00,121155,36,questionnaire-faqc,,32176311,BLIND,9515751,,complete,,6526d0781bff431ad8ac118d,computer,Desktop or Laptop,Windows 10,Chrome 117.0.0.0,1366x768,1366x643,,,,Language Background,4,SoundCheckPassed,8,test passed,,,,,,,,6,yes,No,18-25,,1,Masculino,No,,2,Si,"Ingles, a los 7 años",En la casa,2,128210
1,1697041562458,11/10/2023 16:26:02,1697041561810,-4,11/10/2023 12:26:01,121155,36,questionnaire-faqc,,32175843,BLIND,9515611,,complete,,6526cbba4464558275e1742f,computer,Desktop or Laptop,Chromium OS 14541.0.0,Chrome 117.0.0.0,1300x730,1300x606,,,,Language Background,4,SoundCheckPassed,1,test passed,4,,,,,,,,yes,No,18-25,,1,F,No,,2,Si,Aprendi el ingles a mis 6 anos ,"Aprendi el espanol en Republica Dominicana, mi pais natal",0,56249
1,1697034165107,11/10/2023 14:22:45,1697034164902,-4,11/10/2023 10:22:44,121155,36,questionnaire-faqc,,32168690,BLIND,9513811,,complete,,6526af997706cb31646f347d,computer,Desktop or Laptop,Mac OS 10.15.7,Chrome 117.0.0.0,2560x1440,1358x1329,,,,Language Background,4,SoundCheckPassed,1,test passed,7,,,,,,,,yes,No,35-45,,3,female,No,,2,Si,Ingles y lo aprendi a los 19,naci en Cuba,1,52259
1,1696986995983,11/10/2023 01:16:35,1696986996626,-4,10/10/2023 21:16:36,121155,36,questionnaire-faqc,,32155787,BLIND,9509378,,complete,,6525f74334196850d90f5253,computer,Desktop or Laptop,Windows 10,Chrome 117.0.0.0,1536x864,1536x739,,,,Language Background,4,SoundCheckPassed,7,test passed,,,,,,,2,,yes,No,25-35,,2,Femenino,No,,2,Si,"Ingles, aprendido a los 14",Mexico,0,27316
1,1696981028671,10/10/2023 23:37:08,1696981031105,-7,10/10/2023 16:37:11,121155,36,questionnaire-faqc,,32155277,BLIND,9509177,,complete,,6525e010c4e33e4dcd323527,computer,Desktop or Laptop,Windows 10,Chrome 117.0.0.0,1920x1080,1920x963,,,,Language Background,4,SoundCheckPassed,8,test passed,,,,,,,,7,yes,No,25-35,,2,Masculino,No,,2,"Si, Espanol",Ingles,En casa,0,37375
1,1696977315643,10/10/2023 22:35:15,1696977315397,-4,10/10/2023 18:35:15,121155,36,questionnaire-faqc,,32154687,BLIND,9508951,,complete,,6525d1844dd9112ec01def33,computer,Desktop or Laptop,Mac OS 10.15.7,Safari 15.3,1440x900,1440x820,,,,Language Background,4,SoundCheckPassed,3,test passed,,,8,,,,,,yes,No,18-25,,1,masculino,No,,2,si,"ingles, desde nacimiento.",desde nacimiento,0,54793
1,1696970450733,10/10/2023 20:40:50,1696970450015,-4,10/10/2023 16:40:50,121155,36,questionnaire-faqc,,32152776,BLIND,9508448,,complete,,6525b6c2250c9b4195114d13,computer,Desktop or Laptop,Windows 10,Chrome 117.0.0.0,1925x986,1920x983,,,,Language Background,4,SoundCheckPassed,2,test passed,,1,,,,,,,yes,No,35-45,,3,Mujer,No,,2,Si,Ingles - 7 años,En la casa,1,61254
1,1696968731282,10/10/2023 20:12:11,1696968730972,-4,10/10/2023 16:12:10,121155,36,questionnaire-faqc,,32151954,BLIND,9508170,,complete,,6525af2cd35e0dd06947d333,computer,Desktop or Laptop,Windows 10,Chrome 117.0.0.0,1536x864,1536x707,,,,Language Background,4,SoundCheckPassed,4,test passed,,,,6,,,,,yes,No,35-45,,3,mujer,No,,2,Si,ingles - a los 3; aleman - a los 20,en la cuna,0,84087
1,1696957230021,10/10/2023 17:00:30,1696957229888,-4,10/10/2023 13:00:29,121155,36,questionnaire-faqc,,32144096,BLIND,9505591,,complete,,6525830e98454db3f0e2ea56,computer,Desktop or Laptop,Mac OS 10.15.7,Chrome 117.0.0.0,1440x900,1440x758,,,,Language Background,4,SoundCheckPassed,5,test passed,,,,,3,,,,yes,No,35-45,,3,mujer,No,,2,lengua materna,"ingles, a los seis años ",en casa,0,40252
1,1696956351061,10/10/2023 16:45:51,1696956351230,-4,10/10/2023 12:45:51,121155,36,questionnaire-faqc,,32143179,BLIND,9505365,,complete,,65257fa0b2e8ba32363e9580,computer,Desktop or Laptop,Windows 10,Firefox 118.0,1536x864,1536x731,,,,Language Background,4,SoundCheckPassed,6,test passed,,,,,,4,,,yes,No,25-35,,2,mujer,No,,2,si,"ingles, 4",en la casa,2,33756
1,1696953624591,10/10/2023 16:00:24,1696953624245,-5,10/10/2023 11:00:24,121155,36,questionnaire-faqc,,32140811,BLIND,9504642,,complete,,652574f186977297ba82104e,computer,Desktop or Laptop,Mac OS 10.15.7,Safari 17.0,2560x1440,1421x1055,,,,Language Background,4,SoundCheckPassed,8,test passed,,,,,,,,4,yes,No,25-35,,2,hombre,No,,2,si,"Ingels, 5 años",en casa,0,58094
1,1696953037519,10/10/2023 15:50:37,1696952959945,-5,10/10/2023 10:49:19,121155,36,questionnaire-faqc,,32140504,BLIND,9504494,,complete,,6525723f1a5875a8c61372e1,computer,Desktop or Laptop,Windows 10,Edge 117.0.2045.60,1920x1080,1530x773,,,,Language Background,4,SoundCheckPassed,1,test passed,5,,,,,,,,yes,No,25-35,,2,MALE,No,,2,SI,"INGLES, 8",USA,3,127668
1,1696945424759,10/10/2023 13:43:44,1696945422360,-4,10/10/2023 09:43:42,121155,36,questionnaire-faqc,,32133106,BLIND,9501743,,complete,,6525546212d0dad200f23004,computer,Desktop or Laptop,Windows 10,Chrome 117.0.0.0,1536x864,1536x739,,,,Language Background,4,SoundCheckPassed,5,test passed,,,,,2,,,,yes,No,18-25,,1,Masculino,No,,2,Si,Ingles,Republica Dominicana,4,107922
1,1696944483222,10/10/2023 13:28:03,1696944483113,-5,10/10/2023 08:28:03,121155,36,questionnaire-faqc,,32132670,BLIND,9501625,,complete,,6525514cd90d610f27a1977f,computer,Desktop or Laptop,Mac OS 10.15,Firefox 118.0,1710x1112,1605x894,,,,Language Background,4,SoundCheckPassed,2,test passed,,3,,,,,,,yes,No,35-45,,3,M,No,,2,Si,Ingles (6),Chile,2,34513
1,1696943789566,10/10/2023 13:16:29,1696943786752,-5,10/10/2023 08:16:26,121155,36,questionnaire-faqc,,32132314,BLIND,9501517,,complete,,65254db6631d9ec0b489b130,computer,Desktop or Laptop,Windows 10,Chrome 117.0.0.0,1366x768,1517x687,,,,Language Background,4,SoundCheckPassed,6,test passed,,,,,,8,,,yes,No,25-35,,2,femenino,No,,2,Si,Ingles,En mi hogar,1,94033
1,1696943433622,10/10/2023 13:10:33,1696943432748,-4,10/10/2023 09:10:32,121155,36,questionnaire-faqc,,32132087,BLIND,9501466,,complete,,65254d23757964ca8410723f,computer,Desktop or Laptop,Windows 10,Chrome 117.0.0.0,1920x1080,1920x923,,,,Language Background,4,SoundCheckPassed,4,test passed,,,,1,,,,,yes,No,45-55,,4,Femenino,No,,2,Si,Ingles,Cuba,0,29329
1,1696942191555,10/10/2023 12:49:51,1696942192672,-4,10/10/2023 08:49:52,121155,36,questionnaire-faqc,,32131319,BLIND,9501259,,complete,,6525483f38f8e0bd8ddc6c88,computer,Desktop or Laptop,Windows 10,Edge 117.0.2045.41,1024x820,691x674,,,,Language Background,4,SoundCheckPassed,7,test passed,,,,,,,6,,yes,No,18-25,,1,Male,No,,2,Si,English,En la casa,5,54604
1,1696941480261,10/10/2023 12:38:00,1696941473066,-5,10/10/2023 07:37:53,121155,36,questionnaire-faqc,,32130896,BLIND,9501120,,complete,,65254594b6b338a9186d24c0,computer,Desktop or Laptop,Windows 10,Chrome 117.0.0.0,1920x1080,1920x963,,,,Language Background,4,SoundCheckPassed,3,test passed,,,4,,,,,,yes,No,25-35,,2,Mujer,No,,2,Si,Ingles,Mi familia es Mexicana.,0,34313
1,1696910971969,10/10/2023 04:09:31,1696910971809,-4,10/10/2023 00:09:31,121155,36,questionnaire-faqc,,32123409,BLIND,9498805,,complete,,6524ce587eb28ad70bcb2a28,computer,Desktop or Laptop,Mac OS 10.15.7,Chrome 117.0.0.0,1440x900,1440x815,,,,Language Background,4,SoundCheckPassed,5,test passed,,,,,8,,,,yes,No,25-35,,2,Masculino,No,,2,Si,"Ingles, 3",Familia,0,35964
1,1696909748833,10/10/2023 03:49:08,1696909748680,-4,09/10/2023 23:49:08,121155,36,questionnaire-faqc,,32123345,BLIND,9498791,,complete,,6524c98e61a6306ee204ea29,computer,Desktop or Laptop,Mac OS 10.15,Firefox 117.0,1440x900,1440x686,,,,Language Background,4,SoundCheckPassed,7,test passed,,,,,,,8,,yes,No,18-25,,1,Femenino,No,,2,Si,"Inglés, lo aprendí a los 11 años",Es mi lengua materna,1,58909
1,1696906120031,10/10/2023 02:48:40,1696906119872,-7,09/10/2023 19:48:39,121155,36,questionnaire-faqc,,32123236,BLIND,9498747,,complete,,6524bb5c20d972fe6f9d0735,computer,Desktop or Laptop,Mac OS 10.15.7,Safari 14.1.1,1440x900,1440x820,,,,Language Background,4,SoundCheckPassed,2,test passed,,6,,,,,,,yes,No,18-25,,1,Masculino ,No,,2,Español es mi lengua materna,Ingles,En la casa,0,111342
1,1696905154333,10/10/2023 02:32:34,1696905154128,-7,09/10/2023 19:32:34,121155,36,questionnaire-faqc,,32123163,BLIND,9498734,,complete,,6524b7a9aac78e55d0d91df4,computer,Desktop or Laptop,Mac OS 10.15.7,Chrome 114.0.0.0,1470x956,1412x770,,,,Language Background,4,SoundCheckPassed,5,test passed,,,,,4,,,,yes,No,25-35,,2,femenino ,No,,2,Si,Ingles ,De mis padres ,1,34200
1,1698538146871,29/10/2023 00:09:06,1698538146678,-5,28/10/2023 19:09:06,121155,36,questionnaire-faqc,,32552989,BLIND,9632675,,complete,,653da27747329489fed3d8f2,computer,Desktop or Laptop,Mac OS 10.15.7,Chrome 118.0.0.0,1440x900,1280x658,,,,Language Background,4,SoundCheckPassed,2,test passed,,7,,,,,,,yes,No,25-35,,2,mujer,No,,2,Si,ingles y frances ,en casa ,0,71962
1,1698333989916,26/10/2023 15:26:29,1698333989828,-5,26/10/2023 10:26:29,121155,36,questionnaire-faqc,,32512242,BLIND,9622666,,complete,,653a84e92c3e5a14b8c4356c,computer,Desktop or Laptop,Windows 10,Chrome 117.0.0.0,1368x912,1368x755,,,,Language Background,4,SoundCheckPassed,2,test passed,,5,,,,,,,yes,No,25-35,,2,Femenino,No,,2,Si Español es mi lengua materna.,El Ingles lo aprendi a los 7 años de edad.,En casa y con mi familia. ,0,96225
1,1698704683532,30/10/2023 22:24:43,1698704701065,-5,30/10/2023 17:25:01,121155,36,questionnaire-faqc,,32587075,BLIND,9643180,,complete,,65402c8487c3229f20d2a0db,computer,Desktop or Laptop,Windows 10,Chrome 118.0.0.0,1536x864,1536x695,,,,Language Background,4,SoundCheckPassed,6,test passed,,,,,,1,,,yes,No,18-25,,1,femenino,No,,2,si,"ingles, 4",en casa,0,41151
1,1698810795107,01/11/2023 03:53:15,1698810794714,-7,31/10/2023 20:53:14,121155,36,questionnaire-faqc,,32611450,BLIND,9652688,,complete,,6541cb7eeeb86176f2ec7948,computer,Desktop or Laptop,Mac OS 10.15.7,Safari 17.0,1440x900,1440x795,,,,Language Background,4,SoundCheckPassed,5,test passed,,,,,7,,,,yes,No,25-35,,2,Mujer,No,,2,Si,Ingles ,En casa ,2,36587
1,1698855499339,01/11/2023 16:18:19,1698855499248,-4,01/11/2023 12:18:19,121155,36,questionnaire-faqc,,32628801,BLIND,9657635,,complete,,65427a33b9991d5427a5823e,computer,Desktop or Laptop,Windows 10,Edge 118.0.2088.76,1368x912,1360x756,,,,Language Background,4,SoundCheckPassed,3,test passed,,,1,,,,,,yes,No,25-35,,2,femenino,No,,2,Si,Ingles,De mis padres,1,77465
1,1698956354478,02/11/2023 20:19:14,1698956353324,-5,02/11/2023 15:19:13,121155,36,questionnaire-faqc,,32661570,BLIND,9668482,,complete,,654402d3520694e99b0a5715,computer,Desktop or Laptop,Windows 10,Edge 118.0.2088.69,1920x1080,1865x921,,,,Language Background,4,SoundCheckPassed,7,test passed,,,,,,,3,,yes,No,35-45,,3,Femenino,No,,2,Si,Ingles ,En mi casa y en la escuela,1,121783
1,1698977020083,03/11/2023 02:03:40,1698977019931,-5,02/11/2023 21:03:39,121155,36,questionnaire-faqc,,32666693,BLIND,9670430,,complete,,654454e9da74c1309b97cb51,computer,Desktop or Laptop,Mac OS 10.15.7,Chrome 119.0.0.0,1440x900,1440x726,,,,Language Background,4,SoundCheckPassed,4,test passed,,,,5,,,,,yes,No,18-25,,1,Femenino,No,,2,Si,Ingles,Padres,3,28488
1,1699073024101,04/11/2023 04:43:44,1699073024099,-5,03/11/2023 23:43:44,121155,36,questionnaire-faqc,,32696529,BLIND,9677299,,complete,,6545cbae0d8257d9c82b46eb,computer,Desktop or Laptop,Windows 10,Edge 118.0.2088.76,1366x768,1358x646,,,,Language Background,4,SoundCheckPassed,1,test passed,2,,,,,,,,yes,No,18-25,,1,Hombre,No,,2,Si,English,"De mi mama, es de mexico",1,123937
1,1699103292880,04/11/2023 13:08:12,1699103292762,-4,04/11/2023 09:08:12,121155,36,questionnaire-faqc,,32702108,BLIND,9678034,,complete,,65464202bc5bdf5e764f0565,computer,Desktop or Laptop,Mac OS 10.15.7,Safari 15.6.1,1440x900,1356x758,,,,Language Background,4,SoundCheckPassed,3,test passed,,,4,,,,,,yes,No,25-35,,2,Masculino,No,,2,Si,Ingles a los 5 anos,De mis padres,1,51469
1,1699236110708,06/11/2023 02:01:50,1699236110544,-8,05/11/2023 18:01:50,121155,36,questionnaire-faqc,,32725264,BLIND,9684323,,complete,,654848e2bc5bdf5e764f4d1a,computer,Desktop or Laptop,Mac OS 10.15.7,Safari 16.5.2,430x932,713x1178,,,,Language Background,4,SoundCheckPassed,8,test passed,,,,,,,,6,yes,No,25-35,,2,hombre,No,,2,si,ingles 8 años de edad,en casa,0,135532
1,1699311491915,06/11/2023 22:58:11,1699311491604,-6,06/11/2023 16:58:11,121155,36,questionnaire-faqc,,32755295,BLIND,9691990,,complete,,65496e033366bdbeae4621b6,computer,Desktop or Laptop,Windows 10,Chrome 118.0.0.0,1366x768,1366x657,,,,Language Background,4,SoundCheckPassed,4,test passed,,,,1,,,,,yes,No,25-35,,2,male,No,,2,Si,Ingles,En casa,3,44971
1,1699393497807,07/11/2023 21:44:57,1699393497644,-6,07/11/2023 15:44:57,121155,36,questionnaire-faqc,,32783270,BLIND,9700962,,complete,,654aafbec5d0516b710b606b,computer,Desktop or Laptop,Mac OS 10.15.7,Chrome 119.0.0.0,1440x900,1412x680,,,,Language Background,4,SoundCheckPassed,2,test passed,,1,,,,,,,yes,No,18-25,,1,femenina,No,,2,espanol ,ingles,de mis padres,4,58488
1,1699396412209,07/11/2023 22:33:32,1699396411872,-8,07/11/2023 14:33:31,121155,36,questionnaire-faqc,,32783885,BLIND,9701230,,complete,,654abaecefcd8fc51dd897ac,computer,Desktop or Laptop,Mac OS 10.15.7,Chrome 118.0.0.0,1440x900,1377x678,,,,Language Background,4,SoundCheckPassed,7,test passed,,,,,,,2,,yes,No,18-25,,1,Femenino,No,,2,Mi primer idioma es el español ,Inglés - 4 años,En casa,1,167903
1,1699419969810,08/11/2023 05:06:09,1699419972288,-8,07/11/2023 21:06:12,121155,36,questionnaire-faqc,,32786767,BLIND,9702272,,complete,,654b1716a3e347356572d0bd,computer,Desktop or Laptop,Windows 10,Chrome 118.0.0.0,1920x1080,1920x919,,,,Language Background,4,SoundCheckPassed,6,test passed,,,,,,2,,,yes,No,45-55,,4,masculino,No,,2,si,ingles,mexico,3,46211
1,1699468480386,08/11/2023 18:34:40,1699468479958,-8,08/11/2023 10:34:39,121155,36,questionnaire-faqc,,32820386,BLIND,9710000,,complete,,654bd47fd760c373968eb7e2,computer,Desktop or Laptop,Mac OS 10.15.7,Safari 16.5,1440x900,1440x820,,,,Language Background,4,SoundCheckPassed,5,test passed,,,,,3,,,,yes,No,25-35,,2,Mujer,No,,2,Si,Ingles,De mis padres,0,42862
1,1699476018707,08/11/2023 20:40:18,1699476037096,-8,08/11/2023 12:40:37,121155,36,questionnaire-faqc,,32823128,BLIND,9710737,,complete,,654bf1f34f9a85157969037b,computer,Desktop or Laptop,Windows 10,Chrome 119.0.0.0,1920x1080,1884x894,,,,Language Background,4,SoundCheckPassed,7,test passed,,,,,,,3,,yes,No,25-35,,2,Hombre,No,,2,Si,"Ingles, y lo aprendi a los 5 anos",De mis papas,4,107403
1,1699487937293,08/11/2023 23:58:57,1699487890215,-8,08/11/2023 15:58:10,121155,36,questionnaire-faqc,,32825841,BLIND,9711635,,complete,,654c1fd36952ab58c736bcd9,computer,Desktop or Laptop,Windows 10,Chrome 119.0.0.0,1920x1080,1920x931,,,,Language Background,4,SoundCheckPassed,5,test passed,,,,,4,,,,yes,No,18-25,,1,Mujer,No,,2,Si,"Ingles, como alrededor de 4 anos.",Padres,1,121632
1,1699567842710,09/11/2023 22:10:42,1699567843387,-8,09/11/2023 14:10:43,121155,36,questionnaire-faqc,,32854542,BLIND,9727096,,complete,,654d585727c1bd0d5736d0df,computer,Desktop or Laptop,Windows 10,Chrome 119.0.0.0,1280x854,1280x685,,,,Language Background,4,SoundCheckPassed,8,test passed,,,,,,,,4,yes,No,18-25,,1,Mujer,No,,2,Si,Ingles,En casa,0,64864
1,1699657961167,10/11/2023 23:12:41,1699657960947,-8,10/11/2023 15:12:40,121155,36,questionnaire-faqc,,32879852,BLIND,9737031,,complete,,654eb8cfc56119dbe532f8dc,computer,Desktop or Laptop,Mac OS 10.15.7,Safari 17.0,1440x900,1437x733,,,,Language Background,4,SoundCheckPassed,1,test passed,6,,,,,,,,yes,No,25-35,,2,Mujer ,No,,2,Si ,Ingles,Estados Unidos,2,41220
1,1699771835407,12/11/2023 06:50:35,1699771835202,-5,12/11/2023 01:50:35,121155,36,questionnaire-faqc,,32891098,BLIND,9740891,,complete,,6550753f69c45ecbc9cd2ee1,computer,Desktop or Laptop,Mac OS 10.15.7,Opera 102.0.0.0,1280x800,1239x614,,,,Language Background,4,SoundCheckPassed,6,test passed,,,,,,8,,,yes,No,18-25,,1,M,No,,2,Si,"Tambien creci hablando Ingles, aprendi los dos idiomas a el mismo tiempo cuando yo era pequeño. Aprendi los dos idiomas empezando desde que tenia un año de edad.",En casa con mis papas.,1,192725
1,1699909342580,13/11/2023 21:02:22,1699909340864,-8,13/11/2023 13:02:20,121155,36,questionnaire-faqc,,32930336,BLIND,9751912,,complete,,65528ebbb9321dfbe5e2a086,computer,Desktop or Laptop,Windows 10,Edge 119.0.0.0,1920x1080,1872x966,,,,Language Background,4,SoundCheckPassed,2,test passed,,7,,,,,,,yes,No,18-25,,1,female,No,,2,english,no,Mi mama,1,45548
1,1699975661489,14/11/2023 15:27:41,1699975661321,-5,14/11/2023 10:27:41,121155,36,questionnaire-faqc,,32947795,BLIND,9757304,,complete,,655391cc8d320902de4142e8,computer,Desktop or Laptop,Mac OS 10.15.7,Chrome 116.0.0.0,1440x900,1440x815,,,,Language Background,4,SoundCheckPassed,4,test passed,,,,8,,,,,yes,No,18-25,,1,femenina,No,,2,Si,Ingles,En el hogar,0,47518
1,1700001927822,14/11/2023 22:45:27,1700001926795,-8,14/11/2023 14:45:26,121155,36,questionnaire-faqc,,32960454,BLIND,9760317,,complete,,6553f8027c3d4cc2d6e92f37,computer,Desktop or Laptop,Chromium OS 14541.0.0,Chrome 118.0.0.0,1366x768,1366x660,,,,Language Background,4,SoundCheckPassed,3,test passed,,,1,,,,,,yes,No,25-35,,2,femenino,No,,2,si,Ingles,En Mexico,0,44001
1,1700024354624,15/11/2023 04:59:14,1700024354299,-7,14/11/2023 21:59:14,121155,36,questionnaire-faqc,,32964302,BLIND,9761215,,complete,,65544ffe9823ecd3d751ecfb,computer,Desktop or Laptop,Windows 10,Chrome 119.0.0.0,1920x1080,1920x919,,,,Language Background,4,SoundCheckPassed,1,test passed,7,,,,,,,,yes,No,18-25,,1,hombre,No,,2,Si,english,en casa,1,133655
1,1700070124650,15/11/2023 17:42:04,1700070124490,-5,15/11/2023 12:42:04,121155,36,questionnaire-faqc,,32982156,BLIND,9766086,,complete,,655502d55226b62b7190abb4,mobile,undefined K,Android 10,Chrome 119.0.0.0,412x883,412x753,,,,Language Background,4,SoundCheckPassed,6,test passed,,,,,,5,,,yes,No,25-35,,2,femenino ,No,,2,ingles ,no ,mis padres ,2,28159
1,1700172193866,16/11/2023 22:03:13,1700172194100,-8,16/11/2023 14:03:14,121155,36,questionnaire-faqc,,33019474,BLIND,9776320,,complete,,6556918ace7bef2992528394,computer,Desktop or Laptop,Windows 10,Chrome 119.0.0.0,1920x1080,1920x963,,,,Language Background,4,SoundCheckPassed,2,test passed,,8,,,,,,,yes,No,35-45,,3,mujer,No,,2,si,"ingles, a los 6 años",Mexico,0,36796
1,1700180071867,17/11/2023 00:14:31,1700180071708,-5,16/11/2023 19:14:31,121155,36,questionnaire-faqc,,33020749,BLIND,9776688,,complete,,6556b0469e9f708e6d6b658d,computer,Desktop or Laptop,Mac OS 10.15.7,Chrome 119.0.0.0,1280x800,1280x679,,,,Language Background,4,SoundCheckPassed,3,test passed,,,6,,,,,,yes,No,18-25,,1,Hombre,No,,2,Si,"Ingles, aprendi a los 5/6 años",Viviendo en Peru,1,181544
1,1700203327641,17/11/2023 06:42:07,1700203327294,-8,16/11/2023 22:42:07,121155,36,questionnaire-faqc,,33023052,BLIND,9777326,,complete,,65570b16fca43fc33525fef7,computer,Desktop or Laptop,Mac OS 10.15.7,Safari 16.6,1440x900,1264x710,,,,Language Background,4,SoundCheckPassed,4,test passed,,,,2,,,,,yes,No,25-35,,2,hombre,No,,2,si,ingles,casa,0,45464
1,1700417649836,19/11/2023 18:14:09,1700417650152,-5,19/11/2023 13:14:10,121155,36,questionnaire-faqc,,33059900,BLIND,9788789,,complete,,655a5033b2406870951a2dfb,computer,Desktop or Laptop,Windows 10,Chrome 119.0.0.0,1536x864,1536x738,,,,Language Background,4,SoundCheckPassed,7,test passed,,,,,,,6,,yes,No,25-35,,2,F,No,,2,Ingles y español,"Ingles, 3 años mas o menos",Mis padres,0,85457
1,1700495631167,20/11/2023 15:53:51,1700495630743,-5,20/11/2023 10:53:50,121155,36,questionnaire-faqc,,33079077,BLIND,9794955,,complete,,655b80e04b045ac58d0cb9ed,computer,Desktop or Laptop,Mac OS 10.15.7,Chrome 119.0.0.0,1440x900,1440x699,,,,Language Background,4,SoundCheckPassed,8,test passed,,,,,,,,7,yes,No,25-35,,2,Varon,No,,2,Si,Ingles. Desde los 5 años,En Españ,0,38148
1,1700515249157,20/11/2023 21:20:49,1700515251216,-8,20/11/2023 13:20:51,121155,36,questionnaire-faqc,,33087454,BLIND,9797527,,complete,,655bc8cb50baaed8e1c74cd0,computer,Desktop or Laptop,Windows 10,Chrome 119.0.0.0,1366x768,1364x681,,,,Language Background,4,SoundCheckPassed,5,test passed,,,,,2,,,,yes,No,18-25,,1,F,No,,2,si,ingles a los 5,en casa,1,251526
1,1700602650989,21/11/2023 21:37:30,1700602650615,-8,21/11/2023 13:37:30,121155,36,questionnaire-faqc,,33112759,BLIND,9806199,,complete,,655d22d686d182386bf4e14d,computer,Desktop or Laptop,Mac OS 10.15.7,Safari 16.3,1440x900,1351x745,,,,Language Background,4,SoundCheckPassed,2,test passed,,6,,,,,,,yes,No,18-25,,1,F,No,,2,Si,Ingles (edad 4),en casa (EEUU),1,69097
1,1700949947017,25/11/2023 22:05:47,1700949946756,-5,25/11/2023 17:05:46,121155,36,questionnaire-faqc,,33215864,BLIND,9833388,,complete,,65626f99e4e979a116eedcf8,computer,Desktop or Laptop,Mac OS 10.15.7,Chrome 119.0.0.0,1440x900,1324x664,,,,Language Background,4,SoundCheckPassed,7,test passed,,,,,,,5,,yes,No,18-25,,1,Femenino,No,,2,Si,"Inglés, cuando tenía 4-5 años",Con mis padres,0,43301
1,1701129066233,27/11/2023 23:51:06,1701129066121,-6,27/11/2023 17:51:06,121155,36,questionnaire-faqc,,33260414,BLIND,9846813,,complete,,65652afa3fff62c11976dc16,computer,Desktop or Laptop,Windows 10,Chrome 119.0.0.0,1920x1080,1920x919,,,,Language Background,4,SoundCheckPassed,8,test passed,,,,,,,,5,yes,No,35-45,,3,femenina,No,,2,"Sí, el español es mi lengua materna.","Hablo inglés con fluidez, lo aprendí cuando tenía 4 años.",Aprendí español en casa y en la escuela.,1,206667
1,1701229881891,29/11/2023 03:51:21,1701229881702,-5,28/11/2023 22:51:21,121155,36,questionnaire-faqc,,33285641,BLIND,9854911,,complete,,6566b51c110864dba2b6e099,computer,Desktop or Laptop,Mac OS 10.15.7,Chrome 119.0.0.0,1440x900,1440x729,,,,Language Background,4,SoundCheckPassed,6,test passed,,,,,,3,,,yes,No,18-25,,1,F,No,,2,Si,"Ingles. Comenze a aprender el ingles al principio de Kindergarten, entonces tenia como 5 anos de edad",En casa,1,89719
1,1701285220943,29/11/2023 19:13:40,1701285220771,-6,29/11/2023 13:13:40,121155,36,questionnaire-faqc,,33305786,BLIND,9861375,,complete,,65678d2c11a8a137e969b7f1,computer,Desktop or Laptop,Mac OS 10.15.7,Chrome 119.0.0.0,1440x900,1440x687,,,,Language Background,4,SoundCheckPassed,5,test passed,,,,,7,,,,yes,No,18-25,,1,Female,No,,2,si,El ingles lo aprendi cuando tenia mas o menos 4 anos,en mi casa,1,72035
1,1701294395511,29/11/2023 21:46:35,1701294394387,-7,29/11/2023 14:46:34,121155,36,questionnaire-faqc,,33312828,BLIND,9862858,,complete,,6567b0f354b8a338890b8752,computer,Desktop or Laptop,Windows 10,Chrome 119.0.0.0,1920x1080,1920x931,,,,Language Background,4,SoundCheckPassed,4,test passed,,,,7,,,,,yes,No,25-35,,2,Hombre,No,,2,Si,"inglés, 0 anos",Familia,0,78682
1,1701311259719,30/11/2023 02:27:39,1701311260406,-8,29/11/2023 18:27:40,121155,36,questionnaire-faqc,,33317088,BLIND,9864223,,complete,,6567f2f8372ba9e82a08d583,computer,Desktop or Laptop,Windows 10,Firefox 120.0,2560x1440,1390x1179,,,,Language Background,4,SoundCheckPassed,1,test passed,3,,,,,,,,yes,No,25-35,,2,Hombre,No,,2,Ingles,Ingles. lo aprendi cuando tenia 5 v,En la casa y en la escuela,3,99197
1,1701313354939,30/11/2023 03:02:34,1701313353958,-5,29/11/2023 22:02:33,121155,36,questionnaire-faqc,,33317225,BLIND,9864269,,complete,,6567fb036e509de196741d20,computer,Desktop or Laptop,Mac OS 10.15.7,Chrome 119.0.0.0,1440x900,1440x688,,,,Language Background,4,SoundCheckPassed,7,test passed,,,,,,,8,,yes,No,25-35,,2,F,No,,2,si,"ingles, 6 ",desde pequena ,0,193159
1,1701650786775,04/12/2023 00:46:26,1701650787836,-7,03/12/2023 17:46:27,121155,36,questionnaire-faqc,,33392397,BLIND,9884193,,complete,,656d2119a493120fccf075e6,computer,Desktop or Laptop,Windows 10,Chrome 119.0.0.0,1536x864,1536x715,,,,Language Background,4,SoundCheckPassed,5,test passed,,,,,1,,,,yes,No,18-25,,1,macho,No,,2,espanol es mi primer lenguaje,ingles,de mi familia,2,43016
1,1701667697455,04/12/2023 05:28:17,1701667697317,-6,03/12/2023 23:28:17,121155,36,questionnaire-faqc,,33393739,BLIND,9884526,,complete,,656d634882b6039c507c2234,mobile,Apple iPhone,iOS 17.1.2,Mobile Safari 17.1.2,393x852,393x659,,,,Language Background,4,SoundCheckPassed,3,test passed,,,8,,,,,,yes,No,35-45,,3,masculino,No,,2,si,ingles,en exuador,0,46553
1,1701738542856,05/12/2023 01:09:02,1701738542751,-5,04/12/2023 20:09:02,121155,36,questionnaire-faqc,,33422490,BLIND,9892995,,complete,,656e78032d5df0b85f512470,computer,Desktop or Laptop,Mac OS 10.15.7,Chrome 115.0.0.0,1280x800,1257x601,,,,Language Background,4,SoundCheckPassed,8,test passed,,,,,,,,2,yes,No,25-35,,2,FEMALE,No,,2,si,ingles,con mi mama,1,39841
1,1701742453653,05/12/2023 02:14:13,1701742453494,-7,04/12/2023 19:14:13,121155,36,questionnaire-faqc,,33422918,BLIND,9893114,,complete,,656e8722f4bc804e9c9ad8a9,computer,Desktop or Laptop,Windows 10,Chrome 119.0.0.0,1739x979,1740x811,,,,Language Background,4,SoundCheckPassed,2,test passed,,4,,,,,,,yes,No,35-45,,3,Masculino,No,,2,Espanol es mi lengua materna.,Ingles,Desde naciemiento.,3,124407
1,1701820428018,05/12/2023 23:53:48,1701820427783,-8,05/12/2023 15:53:47,121155,36,questionnaire-faqc,,33461374,BLIND,9902196,,complete,,656fb7d7b8c816975e7ea697,computer,Desktop or Laptop,Windows 10,Chrome 119.0.0.0,1920x1080,1920x931,,,,Language Background,4,SoundCheckPassed,4,test passed,,,,6,,,,,yes,No,35-45,,3,Femenino,No,,2,Espanol,Ingles,En mi casa,2,39734
1,1701902561300,06/12/2023 22:42:41,1701902562044,-5,06/12/2023 17:42:42,121155,36,questionnaire-faqc,,33503785,BLIND,9910806,,complete,,6570f8c7d5ed48e7addc9ab2,computer,Desktop or Laptop,Windows 10,Edge 119.0.0.0,2560x1440,2505x1321,,,,Language Background,4,SoundCheckPassed,3,test passed,,,2,,,,,,yes,No,18-25,,1,Masculino,Si,,1,Si,Ingles,Con mis padres,0,33474
1,1701999312174,08/12/2023 01:35:12,1701999308550,-8,07/12/2023 17:35:08,121155,36,questionnaire-faqc,,33534569,BLIND,9928018,,complete,,657272b37d0803195bed4a07,computer,Desktop or Laptop,Mac OS 10.15.7,Safari 17.1.2,2048x1152,1374x977,,,,Language Background,4,SoundCheckPassed,6,test passed,,,,,,1,,,yes,No,35-45,,3,female,No,,2,si,ninguna,en la casa,1,40339
1,1702086915503,09/12/2023 01:55:15,1702086915369,-6,08/12/2023 19:55:15,121155,36,questionnaire-faqc,,33556376,BLIND,9934113,,complete,,65739b797d0803195bed89fe,computer,Desktop or Laptop,Mac OS 10.15.7,Chrome 118.0.0.0,1440x900,1440x783,,,,Language Background,4,SoundCheckPassed,4,test passed,,,,3,,,,,yes,No,18-25,,1,Mujer,No,,2,Si,Hablo ingles desde niña. ,En mi casa y en la escuela.,0,155978
1,1702424970377,12/12/2023 23:49:30,1702424970412,-7,12/12/2023 16:49:30,121155,36,questionnaire-faqc,,33624354,BLIND,9952968,,complete,,6578f1056457e054e58a893d,computer,Desktop or Laptop,Windows 10,Chrome 120.0.0.0,1280x800,1280x675,,,,Language Background,4,SoundCheckPassed,1,test passed,8,,,,,,,,yes,No,25-35,,2,mujer,No,,2,"Sí, además del inglés","inglés, a la misma vez (desde nacer)",En la casa,0,126118
1,1702452788872,13/12/2023 07:33:08,1702452788048,-8,12/12/2023 23:33:08,121155,36,questionnaire-faqc,,33626584,BLIND,9953703,,complete,,65795e021e5a04bd4b2d158f,computer,Desktop or Laptop,Chromium OS 14541.0.0,Chrome 116.0.0.0,1366x768,1707x765,,,,Language Background,4,SoundCheckPassed,8,test passed,,,,,,,,1,yes,No,25-35,,2,Mujer,No,,2,Sí,"Inglés, 4 años","En casa, de mis padres",0,145530
1,1702501453696,13/12/2023 21:04:13,1702501453541,-5,13/12/2023 16:04:13,121155,36,questionnaire-faqc,,33650811,BLIND,9959320,,complete,,657a1c37eed9c33b432d6db1,computer,Desktop or Laptop,Mac OS 10.15.7,Chrome 119.0.0.0,1280x800,1280x679,,,,Language Background,4,SoundCheckPassed,2,test passed,,1,,,,,,,yes,No,18-25,,1,Femenino,No,,2,Si,Ingles,En casa,0,26783
1,1702526727269,14/12/2023 04:05:27,1702526727115,-8,13/12/2023 20:05:27,121155,36,questionnaire-faqc,,33655741,BLIND,9960333,,complete,,657a7ed6f7f4169c437fcd47,computer,Desktop or Laptop,Mac OS 10.15.7,Chrome 120.0.0.0,1280x800,1280x690,,,,Language Background,4,SoundCheckPassed,7,test passed,,,,,,,1,,yes,No,25-35,,2,Masculino,No,,2,Si,Ingles. Aprendi desde los 5 anos en adelante.,En casa. ,0,76533
1,1702534829675,14/12/2023 06:20:29,1702534829457,-6,14/12/2023 00:20:29,121155,36,questionnaire-faqc,,33656156,BLIND,9960437,,complete,,657a9e9a45eebb6b2b8f0b34,computer,Desktop or Laptop,Windows 10,Firefox 120.0,1536x864,1536x750,,,,Language Background,4,SoundCheckPassed,2,test passed,,3,,,,,,,yes,No,18-25,,1,Hombre,No,,2,Si,"Ingles, a los seis anos",En casa,2,25794
1,1702619905845,15/12/2023 05:58:25,1702619905005,-7,14/12/2023 22:58:25,121155,36,questionnaire-faqc,,33692746,BLIND,9967288,,complete,,657bead82b0e3ae3ebef52c4,computer,Desktop or Laptop,Windows 10,Chrome 120.0.0.0,1536x864,1536x695,,,,Language Background,4,SoundCheckPassed,4,test passed,,,,5,,,,,yes,No,18-25,,1,Femenino,No,,2,Español,Ingles,En el hogar,0,91713
1,1702699907402,16/12/2023 04:11:47,1702699907275,-6,15/12/2023 22:11:47,121155,36,questionnaire-faqc,,33723391,BLIND,9974543,,complete,,657d236434fdea95a1c0809d,computer,Desktop or Laptop,Mac OS 10.15.7,Chrome 120.0.0.0,2240x1260,1207x1019,,,,Language Background,4,SoundCheckPassed,5,test passed,,,,,6,,,,yes,No,25-35,,2,mujer,No,,2,si,ingles,de mis padres,0,106312
1,1702702944026,16/12/2023 05:02:24,1702702943844,-5,16/12/2023 00:02:23,121155,36,questionnaire-faqc,,33723533,BLIND,9974591,,complete,,657d2f46ad9d959333f55476,computer,Desktop or Laptop,Mac OS 10.15.7,Chrome 119.0.0.0,1728x1117,1728x880,,,,Language Background,4,SoundCheckPassed,3,test passed,,,5,,,,,,yes,No,35-45,,3,femenino,No,,2,si,ingles a los 7 años,mexico,0,146175
1,1702744674937,16/12/2023 16:37:54,1702744675195,-5,16/12/2023 11:37:55,121155,36,questionnaire-faqc,,33728185,BLIND,9976070,,complete,,657dd23e12a15c00fa20457d,computer,Desktop or Laptop,Windows 10,Chrome 120.0.0.0,2048x1152,2048x1026,,,,Language Background,4,SoundCheckPassed,6,test passed,,,,,,4,,,yes,No,25-35,,2,Hombre,No,,2,Si,"Ingles, empezando a los 17",COlombia,1,77332
1,1702791370727,17/12/2023 05:36:10,1702791366419,-8,16/12/2023 21:36:06,121155,36,questionnaire-faqc,,33731453,BLIND,9977064,,complete,,657e88561b15b271b872433a,computer,Desktop or Laptop,Windows 10,Chrome 120.0.0.0,1536x864,1536x703,,,,Language Background,4,SoundCheckPassed,7,test passed,,,,,,,4,,yes,No,25-35,,2,Femenino,No,,2,si,"ingles, la edad 7",en casa,0,69064
1,1702933017094,18/12/2023 20:56:57,1702933016922,-8,18/12/2023 12:56:56,121155,36,questionnaire-faqc,,33765781,BLIND,9987416,,complete,,6580b1fdc084a4d9ff21ef29,computer,Desktop or Laptop,Mac OS 10.15.7,Chrome 120.0.0.0,1728x1117,1728x937,,,,Language Background,4,SoundCheckPassed,8,test passed,,,,,,,,3,yes,No,25-35,,2,F,No,,2,si,ingles,peru,0,49274
1,1702933636173,18/12/2023 21:07:16,1702933637364,-5,18/12/2023 16:07:17,121155,36,questionnaire-faqc,,33765940,BLIND,9987448,,complete,,6580b4323103d69edefeb6d2,computer,Desktop or Laptop,Windows 10,Avast Secure Browser 119.0.0.0,1536x864,1536x707,,,,Language Background,4,SoundCheckPassed,1,test passed,4,,,,,,,,yes,No,45-55,,4,Femenino,No,,2,Si,Ingles. 12,Puerto Rico,1,87328
1,1702955673032,19/12/2023 03:14:33,1702955673550,-8,18/12/2023 19:14:33,121155,36,questionnaire-faqc,,33771889,BLIND,9989475,,complete,,65810a296b75949cc58569e7,computer,Desktop or Laptop,Windows 10,Edge 120.0.0.0,1536x864,1488x742,,,,Language Background,4,SoundCheckPassed,3,test passed,,,8,,,,,,yes,No,35-45,,3,Hombre,No,,2,Ingles,Ingles,Familia,2,45805
END OF FILE
