Event Index,UTC Timestamp,UTC Date and Time,Local Timestamp,Local Timezone,Local Date and Time,Experiment ID,Experiment Version,Tree Node Key,Repeat Key,Schedule ID,Participant Public ID,Participant Private ID,Participant Starting Group,Participant Status,Participant Completion Code,Participant External Session ID,Participant Device Type,Participant Device,Participant OS,Participant Browser,Participant Monitor Size,Participant Viewport Size,Checkpoint,Room ID,Room Order,Task Name,Task Version,branch-xe3o,randomiser-mhmr,branch-632j,randomiser-ydsz,randomiser-dv67,randomiser-4jvp,randomiser-whjp,randomiser-8x67,randomiser-wkma,randomiser-dxqf,randomiser-ibiw,branch-tihy,Randomise questionnaire elements?,consent-response-1,consent-response-2,consent-response-text,consent-response-other,END QUESTIONNAIRE
1,1696883967128,09/10/2023 20:39:27,1696883966046,-4,09/10/2023 16:39:26,121155,36,questionnaire-p3ei,,32120947,BLIND,9498009,,complete,,652464dd22b1779f67503559,computer,Desktop or Laptop,Mac OS 10.15.7,Chrome 117.0.0.0,1440x900,1440x783,,,,Consent,9,SoundCheckPassed,3,test passed,,,6,,,,,,yes,No,Si,,,,42234
1,1696897829542,10/10/2023 00:30:29,1696897829401,-7,09/10/2023 17:30:29,121155,36,questionnaire-p3ei,,32122751,BLIND,9498624,,complete,,65249b17dbd73885811527ad,computer,Desktop or Laptop,Windows 10,Firefox 118.0,1365x768,1365x711,,,,Consent,9,SoundCheckPassed,3,test passed,,,7,,,,,,yes,No,Si,,,,30659
1,1696899194856,10/10/2023 00:53:14,1696899194695,-5,09/10/2023 19:53:14,121155,36,questionnaire-p3ei,,32122818,BLIND,9498635,,complete,,6524a06990d5da15727841f6,computer,Desktop or Laptop,Windows 10,Chrome 117.0.0.0,1920x1080,1920x923,,,,Consent,9,SoundCheckPassed,2,test passed,,8,,,,,,,yes,No,Si,,,,5682
1,1696903472813,10/10/2023 02:04:32,1696903472543,-5,09/10/2023 21:04:32,121155,36,questionnaire-p3ei,,32123051,BLIND,9498706,,complete,,6524b113291669a04bcb24a9,computer,Desktop or Laptop,Mac OS 10.15.7,Safari 15.6.1,1470x956,983x840,,,,Consent,9,SoundCheckPassed,8,test passed,,,,,,,,2,yes,No,Si,,,,23196
1,1696903627178,10/10/2023 02:07:07,1696903626694,-7,09/10/2023 19:07:06,121155,36,questionnaire-p3ei,,32123056,BLIND,9498708,,complete,,6524b1b7a54a92c7a5e9b019,computer,Desktop or Laptop,Mac OS 10.15.7,Chrome 117.0.0.0,1280x800,1280x660,,,,Consent,9,SoundCheckPassed,7,test passed,,,,,,,4,,yes,No,Si,,,,7193
1,1696905376388,10/10/2023 02:36:16,1696905794294,-5,09/10/2023 21:43:14,121155,36,questionnaire-p3ei,,32123185,BLIND,9498740,,complete,,6524b88c667eea373b3922ce,computer,Desktop or Laptop,Mac OS 10.15,Firefox 118.0,1440x900,1440x740,,,,Consent,9,SoundCheckPassed,6,test passed,,,,,,5,,,yes,No,Si,,,,8328
1,1696911004983,10/10/2023 04:10:04,1696911005715,-7,09/10/2023 21:10:05,121155,36,questionnaire-p3ei,,32123412,BLIND,9498807,,complete,,6524ce8bf0823363318c0d90,computer,Desktop or Laptop,Windows 10,Edge 116.0.1938.81,1366x768,1342x677,,,,Consent,9,SoundCheckPassed,1,test passed,2,,,,,,,,yes,No,Si,,,,10020
1,1696921673450,10/10/2023 07:07:53,1696921673346,-7,10/10/2023 00:07:53,121155,36,questionnaire-p3ei,,32123964,BLIND,9498951,,complete,,6524f837802955cb12c8ce4f,computer,Desktop or Laptop,Windows 10,Chrome 117.0.0.0,4096x1152,1598x998,,,,Consent,9,SoundCheckPassed,3,test passed,,,2,,,,,,yes,No,Si,,,,49628
1,1697335079608,15/10/2023 01:57:59,1697335079415,-7,14/10/2023 18:57:59,121155,36,questionnaire-p3ei,,32245125,BLIND,9534992,,complete,,652b4714086dd362bc2962f8,computer,Desktop or Laptop,Mac OS 10.15.7,Chrome 118.0.0.0,1280x800,1280x715,,,,Consent,9,SoundCheckPassed,2,test passed,,4,,,,,,,yes,No,Si,,,,7554
1,1697420497944,16/10/2023 01:41:37,1697420497737,-5,15/10/2023 20:41:37,121155,36,questionnaire-p3ei,,32258049,BLIND,9539125,,complete,,652c949e7ae78f67fed11ed2,computer,Desktop or Laptop,Mac OS 10.15.7,Chrome 116.0.0.0,1440x900,1331x757,,,,Consent,9,SoundCheckPassed,4,test passed,,,,3,,,,,yes,No,Si,,,,5236
1,1697486595964,16/10/2023 20:03:15,1697486595483,-4,16/10/2023 16:03:15,121155,36,questionnaire-p3ei,,32277911,BLIND,9545357,,complete,,652d96f24bf8bd720b532bf3,computer,Desktop or Laptop,Windows 10,Chrome 117.0.0.0,1920x1080,1920x923,,,,Consent,9,SoundCheckPassed,5,test passed,,,,,8,,,,yes,No,Si,,,,20913
1,1697481416044,16/10/2023 18:36:56,1697481415876,-5,16/10/2023 13:36:55,121155,36,questionnaire-p3ei,,32276025,BLIND,9544859,,complete,,652d82aed08c6435db58fc19,computer,Desktop or Laptop,Mac OS 10.15.7,Edge 118.0.2088.46,1920x1080,1920x944,,,,Consent,9,SoundCheckPassed,1,test passed,5,,,,,,,,yes,No,Si,,,,12785
1,1697480963520,16/10/2023 18:29:23,1697480963346,-7,16/10/2023 11:29:23,121155,36,questionnaire-p3ei,,32275903,BLIND,9544827,,complete,,652d80f0e52ee52ad5c25ca3,computer,Desktop or Laptop,Windows 10,Chrome 118.0.0.0,1920x1080,1920x923,,,,Consent,9,SoundCheckPassed,1,test passed,6,,,,,,,,yes,No,Si,,,,5474
1,1697427332505,16/10/2023 03:35:32,1697427332270,-7,15/10/2023 20:35:32,121155,36,questionnaire-p3ei,,32258286,BLIND,9539218,,complete,,652caf6c2e33a68d9a24c119,computer,Desktop or Laptop,Mac OS 10.15.7,Chrome 117.0.0.0,1440x900,1420x770,,,,Consent,9,SoundCheckPassed,6,test passed,,,,,,4,,,yes,No,Si,,,,4043
1,1697415489475,16/10/2023 00:18:09,1697415489263,-4,15/10/2023 20:18:09,121155,36,questionnaire-p3ei,,32257859,BLIND,9539061,,complete,,652c81314715bb2078456f4b,computer,Desktop or Laptop,Mac OS 10.15.7,Chrome 117.0.0.0,1440x900,1359x725,,,,Consent,9,SoundCheckPassed,8,test passed,,,,,,,,1,yes,No,Si,,,,7061
1,1697409796989,15/10/2023 22:43:16,1697409796715,-7,15/10/2023 15:43:16,121155,36,questionnaire-p3ei,,32257581,BLIND,9538947,,complete,,652c6af7d96abb74680db2e6,computer,Desktop or Laptop,Mac OS 10.15.7,Chrome 117.0.0.0,1440x900,1440x731,,,,Consent,9,SoundCheckPassed,7,test passed,,,,,,,2,,yes,No,Si,,,,8785
1,1697334784186,15/10/2023 01:53:04,1697334783925,-7,14/10/2023 18:53:03,121155,36,questionnaire-p3ei,,32245115,BLIND,9534966,,complete,,652b45db99d7dea192d620b2,computer,Desktop or Laptop,Windows 10,Chrome 117.0.0.0,1366x768,1366x651,,,,Consent,9,SoundCheckPassed,3,test passed,,,8,,,,,,yes,No,Si,,,,6993
1,1697330804540,15/10/2023 00:46:44,1697330805869,-4,14/10/2023 20:46:45,121155,36,questionnaire-p3ei,,32245056,BLIND,9534870,,complete,,652b3668e8f3a7785d4aae74,computer,Desktop or Laptop,Windows 10,Firefox 118.0,1280x720,1280x559,,,,Consent,9,SoundCheckPassed,5,test passed,,,,,4,,,,yes,No,Si,,,,15840
1,1697309076068,14/10/2023 18:44:36,1697309075812,-7,14/10/2023 11:44:35,121155,36,questionnaire-p3ei,,32242409,BLIND,9534088,,complete,,652ae17910858a0642d0e3b5,computer,Desktop or Laptop,Windows 10,Chrome 116.0.0.0,1536x864,1536x739,,,,Consent,9,SoundCheckPassed,6,test passed,,,,,,5,,,yes,No,Si,,,,8549
1,1697305219471,14/10/2023 17:40:19,1697305221714,-5,14/10/2023 12:40:21,121155,36,questionnaire-p3ei,,32241615,BLIND,9533861,,complete,,652ad1f7a639f4cb5c294791,computer,Desktop or Laptop,Windows 10,Chrome 117.0.0.0,1536x864,1536x715,,,,Consent,9,SoundCheckPassed,5,test passed,,,,,6,,,,yes,No,Si,,,,7059
1,1697250089639,14/10/2023 02:21:29,1697250088688,-7,13/10/2023 19:21:28,121155,36,questionnaire-p3ei,,32231322,BLIND,9531368,,complete,,6529fb06b58501d48d3035f9,computer,Desktop or Laptop,Windows 10,Firefox 118.0,1920x1080,1920x993,,,,Consent,9,SoundCheckPassed,8,test passed,,,,,,,,4,yes,No,Si,,,,20877
1,1697245346216,14/10/2023 01:02:26,1697245347162,-4,13/10/2023 21:02:27,121155,36,questionnaire-p3ei,,32230982,BLIND,9531298,,complete,,6529e894d5f312d8e02dbf2b,computer,Desktop or Laptop,Windows 10,Chrome 117.0.0.0,1536x864,1536x747,,,,Consent,9,SoundCheckPassed,7,test passed,,,,,,,4,,yes,No,Si,,,,7567
1,1697174367451,13/10/2023 05:19:27,1697174367051,-4,13/10/2023 01:19:27,121155,36,questionnaire-p3ei,,32211427,BLIND,9525258,,complete,,6528d34f1b911e3ded8d6392,computer,Desktop or Laptop,Windows 10,Chrome 117.0.0.0,1920x1080,1920x931,,,,Consent,9,SoundCheckPassed,1,test passed,4,,,,,,,,yes,No,Si,,,,33052
1,1697159651697,13/10/2023 01:14:11,1697159651557,-5,12/10/2023 20:14:11,121155,36,questionnaire-p3ei,,32210778,BLIND,9525092,,complete,,652899d99122c32ceb43bf7e,computer,Desktop or Laptop,Mac OS 10.15.7,Chrome 117.0.0.0,1440x900,1440x706,,,,Consent,9,SoundCheckPassed,4,test passed,,,,8,,,,,yes,No,Si,,,,3299
1,1697151119058,12/10/2023 22:51:59,1697151118877,-7,12/10/2023 15:51:58,121155,36,questionnaire-p3ei,,32210111,BLIND,9524953,,complete,,6528787a4d0244062549da3c,computer,Desktop or Laptop,Mac OS 10.15.7,Safari 15.2,1440x900,1440x724,,,,Consent,9,SoundCheckPassed,2,test passed,,6,,,,,,,yes,No,Si,,,,5513
1,1697135278125,12/10/2023 18:27:58,1697135279237,-7,12/10/2023 11:27:59,121155,36,questionnaire-p3ei,,32206877,BLIND,9523784,,complete,,65283a9b10174ed117239cd7,computer,Desktop or Laptop,Windows 10,Chrome 118.0.0.0,1681x948,1680x943,,,,Consent,9,SoundCheckPassed,3,test passed,,,4,,,,,,yes,No,Si,,,,42264
1,1697121008124,12/10/2023 14:30:08,1697121007821,-4,12/10/2023 10:30:07,121155,36,questionnaire-p3ei,,32198668,BLIND,9521750,,complete,,652802e3e3d4520066279d25,computer,Desktop or Laptop,Windows 10,Chrome 117.0.0.0,1200x800,1200x651,,,,Consent,9,SoundCheckPassed,3,test passed,,,1,,,,,,yes,No,Si,,,,4991
1,1697086501346,12/10/2023 04:55:01,1697086501978,-5,11/10/2023 23:55:01,121155,36,questionnaire-p3ei,,32183652,BLIND,9518007,,complete,,65277c18b3da1f971c693ce8,computer,Desktop or Laptop,Windows 10,Opera 102.0.0.0,1920x1080,1879x939,,,,Consent,9,SoundCheckPassed,4,test passed,,,,3,,,,,yes,No,Si,,,,7951
1,1697062151611,11/10/2023 22:09:11,1697062151296,-4,11/10/2023 18:09:11,121155,36,questionnaire-p3ei,,32181640,BLIND,9517397,,complete,,65271cf088536666f206ea2b,computer,Desktop or Laptop,Windows 10,Edge 117.0.2045.60,1280x800,1272x644,,,,Consent,9,SoundCheckPassed,5,test passed,,,,,1,,,,yes,No,Si,,,,17840
1,1697061092161,11/10/2023 21:51:32,1697061092018,-4,11/10/2023 17:51:32,121155,36,questionnaire-p3ei,,32181454,BLIND,9517339,,complete,,652718a12fedf0f9cc2c726c,computer,Desktop or Laptop,Mac OS 10.15.7,Chrome 116.0.0.0,1440x900,1337x688,,,,Consent,9,SoundCheckPassed,6,test passed,,,,,,7,,,yes,No,Si,,,,22634
1,1697059653547,11/10/2023 21:27:33,1697059651098,-7,11/10/2023 14:27:31,121155,36,questionnaire-p3ei,,32181195,BLIND,9517268,,complete,,65271323205901c8adac8338,computer,Desktop or Laptop,Windows 10,Chrome 117.0.0.0,1664x1110,1664x953,,,,Consent,9,SoundCheckPassed,7,test passed,,,,,,,1,,yes,No,Si,,,,15900
1,1697050173354,11/10/2023 18:49:33,1697050173485,-5,11/10/2023 13:49:33,121155,36,questionnaire-p3ei,,32178652,BLIND,9516487,,complete,,6526ee1aae50778de83a4db6,computer,Desktop or Laptop,Windows 10,Chrome 117.0.0.0,1366x768,1366x651,,,,Consent,9,SoundCheckPassed,2,test passed,,7,,,,,,,yes,No,Si,,,,78494
1,1697042619447,11/10/2023 16:43:39,1697042619331,-4,11/10/2023 12:43:39,121155,36,questionnaire-p3ei,,32176299,BLIND,9515751,,complete,,6526d0781bff431ad8ac118d,computer,Desktop or Laptop,Windows 10,Chrome 117.0.0.0,1366x768,1366x643,,,,Consent,9,SoundCheckPassed,8,test passed,,,,,,,,6,yes,No,Si,,,,16484
1,1697041543585,11/10/2023 16:25:43,1697041542960,-4,11/10/2023 12:25:42,121155,36,questionnaire-p3ei,,32175832,BLIND,9515611,,complete,,6526cbba4464558275e1742f,computer,Desktop or Laptop,Chromium OS 14541.0.0,Chrome 117.0.0.0,1300x730,1300x606,,,,Consent,9,SoundCheckPassed,1,test passed,4,,,,,,,,yes,No,Si,,,,15032
1,1697034156636,11/10/2023 14:22:36,1697034156420,-4,11/10/2023 10:22:36,121155,36,questionnaire-p3ei,,32168680,BLIND,9513811,,complete,,6526af997706cb31646f347d,computer,Desktop or Laptop,Mac OS 10.15.7,Chrome 117.0.0.0,2560x1440,1358x1329,,,,Consent,9,SoundCheckPassed,1,test passed,7,,,,,,,,yes,No,Si,,,,6686
1,1696986974114,11/10/2023 01:16:14,1696986974755,-4,10/10/2023 21:16:14,121155,36,questionnaire-p3ei,,32155776,BLIND,9509378,,complete,,6525f74334196850d90f5253,computer,Desktop or Laptop,Windows 10,Chrome 117.0.0.0,1536x864,1536x739,,,,Consent,9,SoundCheckPassed,7,test passed,,,,,,,2,,yes,No,Si,,,,17592
1,1698538419313,29/10/2023 00:13:39,1698538421063,-6,28/10/2023 18:13:41,121155,36,questionnaire-p3ei,,32553001,BLIND,9632680,,complete,,653da382629998c0df531052,mobile,undefined K,Android 10,Chrome 118.0.0.0,486x1079,486x938,,,,Consent,9,SoundCheckPassed,1,test passed,8,,,,,,,,yes,No,Si,,,,15113
1,1696981022045,10/10/2023 23:37:02,1696981024493,-7,10/10/2023 16:37:04,121155,36,questionnaire-p3ei,,32155276,BLIND,9509177,,complete,,6525e010c4e33e4dcd323527,computer,Desktop or Laptop,Windows 10,Chrome 117.0.0.0,1920x1080,1920x963,,,,Consent,9,SoundCheckPassed,8,test passed,,,,,,,,7,yes,No,Si,,,,4450
1,1698692238756,30/10/2023 18:57:18,1698692237473,-7,30/10/2023 11:57:17,121155,36,questionnaire-p3ei,,32584135,BLIND,9642250,,complete,,653ffc7ee773b8bbd3910817,computer,Desktop or Laptop,Mac OS 10.15.7,Safari 16.5,1440x900,1440x820,,,,Consent,9,SoundCheckPassed,8,test passed,,,,,,,,6,yes,No,Si,,,,3434
1,1696977302428,10/10/2023 22:35:02,1696977302197,-4,10/10/2023 18:35:02,121155,36,questionnaire-p3ei,,32154681,BLIND,9508951,,complete,,6525d1844dd9112ec01def33,computer,Desktop or Laptop,Mac OS 10.15.7,Safari 15.3,1440x900,1324x694,,,,Consent,9,SoundCheckPassed,3,test passed,,,8,,,,,,yes,No,Si,,,,10781
1,1696970444866,10/10/2023 20:40:44,1696970444132,-4,10/10/2023 16:40:44,121155,36,questionnaire-p3ei,,32152772,BLIND,9508448,,complete,,6525b6c2250c9b4195114d13,computer,Desktop or Laptop,Windows 10,Chrome 117.0.0.0,1925x986,1920x983,,,,Consent,9,SoundCheckPassed,2,test passed,,1,,,,,,,yes,No,Si,,,,4108
1,1696968648447,10/10/2023 20:10:48,1696968648173,-4,10/10/2023 16:10:48,121155,36,questionnaire-p3ei,,32151922,BLIND,9508170,,complete,,6525af2cd35e0dd06947d333,computer,Desktop or Laptop,Windows 10,Chrome 117.0.0.0,1536x864,1536x707,,,,Consent,9,SoundCheckPassed,4,test passed,,,,6,,,,,yes,No,Si,,,,80606
1,1696957213099,10/10/2023 17:00:13,1696957212924,-4,10/10/2023 13:00:12,121155,36,questionnaire-p3ei,,32144082,BLIND,9505591,,complete,,6525830e98454db3f0e2ea56,computer,Desktop or Laptop,Mac OS 10.15.7,Chrome 117.0.0.0,1440x900,1440x758,,,,Consent,9,SoundCheckPassed,5,test passed,,,,,3,,,,yes,No,Si,,,,15039
1,1696956342655,10/10/2023 16:45:42,1696956342826,-4,10/10/2023 12:45:42,121155,36,questionnaire-p3ei,,32143172,BLIND,9505365,,complete,,65257fa0b2e8ba32363e9580,computer,Desktop or Laptop,Windows 10,Firefox 118.0,1536x864,1536x731,,,,Consent,9,SoundCheckPassed,6,test passed,,,,,,4,,,yes,No,Si,,,,6673
1,1696953603197,10/10/2023 16:00:03,1696953602834,-5,10/10/2023 11:00:02,121155,36,questionnaire-p3ei,,32140803,BLIND,9504642,,complete,,652574f186977297ba82104e,computer,Desktop or Laptop,Mac OS 10.15.7,Safari 17.0,2560x1440,1421x1055,,,,Consent,9,SoundCheckPassed,8,test passed,,,,,,,,4,yes,No,Si,,,,17860
1,1696952996045,10/10/2023 15:49:56,1696952918453,-5,10/10/2023 10:48:38,121155,36,questionnaire-p3ei,,32140474,BLIND,9504494,,complete,,6525723f1a5875a8c61372e1,computer,Desktop or Laptop,Windows 10,Edge 117.0.2045.60,1920x1080,1530x773,,,,Consent,9,SoundCheckPassed,1,test passed,5,,,,,,,,yes,No,Si,,,,39260
1,1696945258845,10/10/2023 13:40:58,1696945256422,-4,10/10/2023 09:40:56,121155,36,questionnaire-p3ei,,32133029,BLIND,9501743,,complete,,6525546212d0dad200f23004,computer,Desktop or Laptop,Windows 10,Chrome 117.0.0.0,1536x864,1536x739,,,,Consent,9,SoundCheckPassed,5,test passed,,,,,2,,,,yes,No,Si,,,,163944
1,1696944474854,10/10/2023 13:27:54,1696944474729,-5,10/10/2023 08:27:54,121155,36,questionnaire-p3ei,,32132668,BLIND,9501625,,complete,,6525514cd90d610f27a1977f,computer,Desktop or Laptop,Mac OS 10.15,Firefox 118.0,1710x1112,1605x894,,,,Consent,9,SoundCheckPassed,2,test passed,,3,,,,,,,yes,No,Si,,,,6464
1,1696943772973,10/10/2023 13:16:12,1696943770117,-5,10/10/2023 08:16:10,121155,36,questionnaire-p3ei,,32132304,BLIND,9501517,,complete,,65254db6631d9ec0b489b130,computer,Desktop or Laptop,Windows 10,Chrome 117.0.0.0,1366x768,1517x687,,,,Consent,9,SoundCheckPassed,6,test passed,,,,,,8,,,yes,No,Si,,,,10422
1,1696943414664,10/10/2023 13:10:14,1696943413788,-4,10/10/2023 09:10:13,121155,36,questionnaire-p3ei,,32132081,BLIND,9501466,,complete,,65254d23757964ca8410723f,computer,Desktop or Laptop,Windows 10,Chrome 117.0.0.0,1920x1080,1920x923,,,,Consent,9,SoundCheckPassed,4,test passed,,,,1,,,,,yes,No,Si,,,,16744
1,1696942167809,10/10/2023 12:49:27,1696942168921,-4,10/10/2023 08:49:28,121155,36,questionnaire-p3ei,,32131303,BLIND,9501259,,complete,,6525483f38f8e0bd8ddc6c88,computer,Desktop or Laptop,Windows 10,Edge 117.0.2045.41,1024x820,691x674,,,,Consent,9,SoundCheckPassed,7,test passed,,,,,,,6,,yes,No,Si,,,,21004
1,1696941474855,10/10/2023 12:37:54,1696941467649,-5,10/10/2023 07:37:47,121155,36,questionnaire-p3ei,,32130894,BLIND,9501120,,complete,,65254594b6b338a9186d24c0,computer,Desktop or Laptop,Windows 10,Chrome 117.0.0.0,1920x1080,1920x963,,,,Consent,9,SoundCheckPassed,3,test passed,,,4,,,,,,yes,No,Si,,,,3518
1,1696910945612,10/10/2023 04:09:05,1696910945474,-4,10/10/2023 00:09:05,121155,36,questionnaire-p3ei,,32123407,BLIND,9498805,,complete,,6524ce587eb28ad70bcb2a28,computer,Desktop or Laptop,Mac OS 10.15.7,Chrome 117.0.0.0,1440x900,1440x815,,,,Consent,9,SoundCheckPassed,5,test passed,,,,,8,,,,yes,No,Si,,,,25043
1,1696910282054,10/10/2023 03:58:02,1696910281904,-7,09/10/2023 20:58:01,121155,36,questionnaire-p3ei,,32123385,BLIND,9498798,,complete,,6524cbbc0379b41f3ed5d88e,computer,Desktop or Laptop,Mac OS 10.15.7,Chrome 117.0.0.0,1280x800,1280x715,,,,Consent,9,SoundCheckPassed,4,test passed,,,,8,,,,,yes,No,Si,,,,23767
1,1696909723031,10/10/2023 03:48:43,1696909722856,-4,09/10/2023 23:48:42,121155,36,questionnaire-p3ei,,32123342,BLIND,9498791,,complete,,6524c98e61a6306ee204ea29,computer,Desktop or Laptop,Mac OS 10.15,Firefox 117.0,1440x900,1440x686,,,,Consent,9,SoundCheckPassed,7,test passed,,,,,,,8,,yes,No,Si,,,,24072
1,1696906095970,10/10/2023 02:48:15,1696906095801,-7,09/10/2023 19:48:15,121155,36,questionnaire-p3ei,,32123232,BLIND,9498747,,complete,,6524bb5c20d972fe6f9d0735,computer,Desktop or Laptop,Mac OS 10.15.7,Safari 14.1.1,1440x900,1440x820,,,,Consent,9,SoundCheckPassed,2,test passed,,6,,,,,,,yes,No,Si,,,,21725
1,1696905165091,10/10/2023 02:32:45,1696905164747,-7,09/10/2023 19:32:44,121155,36,questionnaire-p3ei,,32123167,BLIND,9498736,,complete,,6524b7c03c3a09efe7d5d7eb,computer,Desktop or Laptop,Windows 10,Chrome 117.0.0.0,1920x1080,1920x923,,,,Consent,9,SoundCheckPassed,8,test passed,,,,,,,,5,yes,No,Si,,,,32093
1,1696905147805,10/10/2023 02:32:27,1696905147590,-7,09/10/2023 19:32:27,121155,36,questionnaire-p3ei,,32123161,BLIND,9498734,,complete,,6524b7a9aac78e55d0d91df4,computer,Desktop or Laptop,Mac OS 10.15.7,Chrome 114.0.0.0,1470x956,1412x770,,,,Consent,9,SoundCheckPassed,5,test passed,,,,,4,,,,yes,No,Si,,,,4454
1,1696904870134,10/10/2023 02:27:50,1696904869943,-7,09/10/2023 19:27:49,121155,36,questionnaire-p3ei,,32123133,BLIND,9498726,,complete,,6524b6991d2c8c69f3def1c5,computer,Desktop or Laptop,Mac OS 10.15.7,Chrome 117.0.0.0,1680x1050,1680x940,,,,Consent,9,SoundCheckPassed,1,test passed,3,,,,,,,,yes,No,Si,,,,9276
1,1696902991504,10/10/2023 01:56:31,1696902991180,-4,09/10/2023 21:56:31,121155,36,questionnaire-p3ei,,32123029,BLIND,9498700,,complete,,6524af26e408f4582fec10d8,computer,Desktop or Laptop,Windows 10,Chrome 117.0.0.0,1920x1080,1920x955,,,,Consent,9,SoundCheckPassed,6,test passed,,,,,,3,,,yes,No,Si,,,,8563
1,1696898669248,10/10/2023 00:44:29,1696898668981,-4,09/10/2023 20:44:28,121155,36,questionnaire-p3ei,,32122801,BLIND,9498632,,complete,,65249d76dbbe6c6799813068,computer,Desktop or Laptop,Windows 10,Chrome 117.0.0.0,1920x1080,1239x907,,,,Consent,9,SoundCheckPassed,4,test passed,,,,7,,,,,yes,No,Si,,,,62204
1,1696897788397,10/10/2023 00:29:48,1696897795029,-5,09/10/2023 19:29:55,121155,36,questionnaire-p3ei,,32122748,BLIND,9498623,,complete,,65249ae3420f233b096c6d82,computer,Desktop or Laptop,Windows 10,Firefox 118.0,1536x864,1536x731,,,,Consent,9,SoundCheckPassed,5,test passed,,,,,6,,,,yes,No,Si,,,,27923
1,1696897273989,10/10/2023 00:21:13,1696897273071,-4,09/10/2023 20:21:13,121155,36,questionnaire-p3ei,,32122721,BLIND,9498620,,complete,,652498b6c74c5b197bec0ee2,computer,Desktop or Laptop,Windows 10,Edge 117.0.2045.60,1536x864,1528x716,,,,Consent,9,SoundCheckPassed,3,test passed,,,5,,,,,,yes,No,Si,,,,40172
1,1696897197088,10/10/2023 00:19:57,1696897196720,-5,09/10/2023 19:19:56,121155,36,questionnaire-p3ei,,32122717,BLIND,9498619,,complete,,65249894b3e92feebad91aae,computer,Desktop or Laptop,Mac OS 10.15.7,Safari 17.0,1440x900,1116x705,,,,Consent,9,SoundCheckPassed,7,test passed,,,,,,,5,,yes,No,Si,,,,50100
1,1696897133919,10/10/2023 00:18:53,1696897133994,-5,09/10/2023 19:18:53,121155,36,questionnaire-p3ei,,32122713,BLIND,9498617,,complete,,6524985924376b11a7812ffe,computer,Desktop or Laptop,Windows 10,Chrome 117.0.0.0,1920x1080,1920x955,,,,Consent,9,SoundCheckPassed,2,test passed,,5,,,,,,,yes,No,Si,,,,4832
1,1696896242573,10/10/2023 00:04:02,1696896242222,-4,09/10/2023 20:04:02,121155,36,questionnaire-p3ei,,32122633,BLIND,9498601,,complete,,652494927d669491daa9ef94,computer,Desktop or Laptop,Linux x86_64,Chrome 117.0.0.0,686x1143,686x997,,,,Consent,9,SoundCheckPassed,1,test passed,8,,,,,,,,yes,No,Si,,,,122897
1,1696892243654,09/10/2023 22:57:23,1696892242914,-5,09/10/2023 17:57:22,121155,36,questionnaire-p3ei,,32122390,BLIND,9498523,,complete,,6524853c40d984bd46506077,computer,Desktop or Laptop,Windows 10,Chrome 117.0.0.0,1536x864,1536x707,,,,Consent,9,SoundCheckPassed,4,test passed,,,,2,,,,,yes,No,Si,,,,8858
1,1696892146933,09/10/2023 22:55:46,1696892147424,-7,09/10/2023 15:55:47,121155,36,questionnaire-p3ei,,32122384,BLIND,9498522,,complete,,652484d5d104cb805ae3922a,computer,Desktop or Laptop,Windows 10,Chrome 117.0.0.0,1280x720,1280x603,,,,Consent,9,SoundCheckPassed,6,test passed,,,,,,1,,,yes,No,Si,,,,11013
1,1696891901534,09/10/2023 22:51:41,1696891902958,-4,09/10/2023 18:51:42,121155,36,questionnaire-p3ei,,32122354,BLIND,9498514,,complete,,652483e53c6d02dfcecc34f0,computer,Desktop or Laptop,Windows 10,Chrome 117.0.0.0,1536x864,1536x707,,,,Consent,9,SoundCheckPassed,8,test passed,,,,,,,,1,yes,No,Si,,,,8783
1,1696891635260,09/10/2023 22:47:15,1696891635290,-5,09/10/2023 17:47:15,121155,36,questionnaire-p3ei,,32122317,BLIND,9498502,,complete,,652482eab917d506ce6c6985,computer,Desktop or Laptop,Windows 10,Firefox 118.0,1920x1080,1920x919,,,,Consent,9,SoundCheckPassed,2,test passed,,4,,,,,,,yes,No,Si,,,,4940
1,1696888777265,09/10/2023 21:59:37,1696888777074,-4,09/10/2023 17:59:37,121155,36,questionnaire-p3ei,,32122112,BLIND,9498441,,complete,,652477ba236d11f740c8ba51,computer,Desktop or Laptop,Mac OS 10.15.7,Chrome 117.0.0.0,1440x900,1440x783,,,,Consent,9,SoundCheckPassed,6,test passed,,,,,,2,,,yes,No,Si,,,,28958
1,1696888400027,09/10/2023 21:53:20,1696888398451,-6,09/10/2023 15:53:18,121155,36,questionnaire-p3ei,,32122066,BLIND,9498431,,complete,,652474d1da4a55500fe46b02,computer,Desktop or Laptop,Windows 10,Chrome 117.0.0.0,2560x1440,1356x1281,,,,Consent,9,SoundCheckPassed,8,test passed,,,,,,,,3,yes,No,Si,,,,11579
1,1696886574991,09/10/2023 21:22:54,1696886574847,-4,09/10/2023 17:22:54,121155,36,questionnaire-p3ei,,32121594,BLIND,9498264,,complete,,65246ea5c5b88f20469ea226,computer,Desktop or Laptop,Mac OS 10.15.7,Opera 101.0.0.0,1512x982,1452x858,,,,Consent,9,SoundCheckPassed,5,test passed,,,,,7,,,,yes,No,Si,,,,33949
1,1696886318883,09/10/2023 21:18:38,1696886318707,-5,09/10/2023 16:18:38,121155,36,questionnaire-p3ei,,32121507,BLIND,9498240,,complete,,65246dd79dce2c17c3151e3f,computer,Desktop or Laptop,Mac OS 10.15.7,Chrome 114.0.0.0,1728x1117,1725x932,,,,Consent,9,SoundCheckPassed,4,test passed,,,,5,,,,,yes,No,Si,,,,49603
1,1696886083195,09/10/2023 21:14:43,1696886079460,-7,09/10/2023 14:14:39,121155,36,questionnaire-p3ei,,32121423,BLIND,9498219,,live,,65246ca43015fea7f0b82108,computer,Desktop or Laptop,Windows 10,Firefox 118.0,896x504,896x415,,,,Consent,9,SoundCheckPassed,1,test passed,6,,,,,,,,yes,No,Si,,,,7398
1,1696885260798,09/10/2023 21:01:00,1696885260365,-5,09/10/2023 16:01:00,121155,36,questionnaire-p3ei,,32121103,BLIND,9498087,,complete,,652469f5e3d34d996cb86916,computer,Desktop or Laptop,Windows 10,Chrome 117.0.0.0,1369x671,1366x667,,,,Consent,9,SoundCheckPassed,7,test passed,,,,,,,3,,yes,No,Si,,,,12631
1,1697747431173,19/10/2023 20:30:31,1697747430392,-7,19/10/2023 13:30:30,121155,36,questionnaire-p3ei,,32371081,BLIND,9573065,,complete,,653191cf432016cde3391496,computer,Desktop or Laptop,Windows 10,Chrome 118.0.0.0,1280x800,1280x675,,,,Consent,9,SoundCheckPassed,7,test passed,,,,,,,6,,yes,No,Si,,,,85758
1,1697601217243,18/10/2023 03:53:37,1697601216564,-4,17/10/2023 23:53:36,121155,36,questionnaire-p3ei,,32321197,BLIND,9557225,,complete,,652f56aec589a18943282134,computer,Desktop or Laptop,Windows 10,Firefox 118.0,1920x1080,1920x927,,,,Consent,9,SoundCheckPassed,6,test passed,,,,,,7,,,yes,No,Si,,,,7752
1,1697577644118,17/10/2023 21:20:44,1697577644346,-5,17/10/2023 16:20:44,121155,36,questionnaire-p3ei,,32318175,BLIND,9556259,,complete,,652efa9bd3d969c1e058f063,computer,Desktop or Laptop,Windows 10,Chrome 117.0.0.0,1600x900,1600x775,,,,Consent,9,SoundCheckPassed,3,test passed,,,6,,,,,,yes,No,Si,,,,10479
1,1697522995332,17/10/2023 06:09:55,1697522994477,-7,16/10/2023 23:09:54,121155,36,questionnaire-p3ei,,32282502,BLIND,9546917,,complete,,652e2519aae98d815fcf5b9e,computer,Desktop or Laptop,Chromium OS 14816.131.0,Chrome 103.0.0.0,1366x768,1366x649,,,,Consent,9,SoundCheckPassed,4,test passed,,,,1,,,,,yes,No,Si,,,,48575
1,1697750953138,19/10/2023 21:29:13,1697750952886,-7,19/10/2023 14:29:12,121155,36,questionnaire-p3ei,,32371858,BLIND,9573260,,complete,,65319f9c9929e45cf23e78a9,computer,Desktop or Laptop,Mac OS 10.15.7,Chrome 117.0.0.0,1440x900,1440x783,,,,Consent,9,SoundCheckPassed,8,test passed,,,,,,,,7,yes,No,Si,,,,3829
1,1697758071858,19/10/2023 23:27:51,1697758071481,-4,19/10/2023 19:27:51,121155,36,questionnaire-p3ei,,32372740,BLIND,9573510,,complete,,6531bb607f61a43bd766ce6c,computer,Desktop or Laptop,Windows 10,Firefox 118.0,1366x768,1296x655,,,,Consent,9,SoundCheckPassed,4,test passed,,,,7,,,,,yes,No,Si,,,,5745
1,1697758399781,19/10/2023 23:33:19,1697758399604,-7,19/10/2023 16:33:19,121155,36,questionnaire-p3ei,,32372772,BLIND,9573522,,complete,,6531bb7ca5a8e2ed76daff2b,computer,Desktop or Laptop,Mac OS 10.14.6,Safari 14.1.2,1280x800,1280x737,,,,Consent,9,SoundCheckPassed,2,test passed,,8,,,,,,,yes,No,Si,,,,11696
1,1697854233732,21/10/2023 02:10:33,1697854233591,-4,20/10/2023 22:10:33,121155,36,questionnaire-p3ei,,32392999,BLIND,9585510,,complete,,6533330b9ff08900c5f6b7db,computer,Desktop or Laptop,Windows 10,Chrome 118.0.0.0,1920x1080,1920x955,,,,Consent,9,SoundCheckPassed,3,test passed,,,7,,,,,,yes,No,Si,,,,12803
1,1697911616776,21/10/2023 18:06:56,1697911617052,-5,21/10/2023 13:06:57,121155,36,questionnaire-p3ei,,32402521,BLIND,9588796,,complete,,653413344c4cee10658074b0,computer,Desktop or Laptop,Windows 10,Firefox 118.0,2560x1440,2560x1315,,,,Consent,9,SoundCheckPassed,5,test passed,,,,,2,,,,yes,No,Si,,,,7045
1,1697917244496,21/10/2023 19:40:44,1697917244673,-5,21/10/2023 14:40:44,121155,36,questionnaire-p3ei,,32403635,BLIND,9589138,,complete,,653429262d29dfe51b1bf774,computer,Desktop or Laptop,Windows 10,Edge 117.0.2045.60,1368x912,1320x774,,,,Consent,9,SoundCheckPassed,6,test passed,,,,,,3,,,yes,No,Si,,,,22393
1,1697918508925,21/10/2023 20:01:48,1697918508689,-4,21/10/2023 16:01:48,121155,36,questionnaire-p3ei,,32403808,BLIND,9589194,,complete,,65342dbe57803c27d638d8e0,computer,Desktop or Laptop,Mac OS 10.15.7,Chrome 118.0.0.0,1280x800,1280x690,,,,Consent,9,SoundCheckPassed,8,test passed,,,,,,,,3,yes,No,Si,,,,45202
1,1698035690071,23/10/2023 04:34:50,1698035691777,-7,22/10/2023 21:34:51,121155,36,questionnaire-p3ei,,32420178,BLIND,9593399,,complete,,6535f7c67a429cb544f69e0d,computer,Desktop or Laptop,Windows 10,Chrome 118.0.0.0,1280x800,1138x608,,,,Consent,9,SoundCheckPassed,7,test passed,,,,,,,8,,yes,No,Si,,,,108562
1,1698041760427,23/10/2023 06:16:00,1698041760306,-5,23/10/2023 01:16:00,121155,36,questionnaire-p3ei,,32420553,BLIND,9593509,,complete,,65360f8a7a429cb544f6a05b,computer,Desktop or Laptop,Windows 10,Chrome 117.0.0.0,1280x720,1280x563,,,,Consent,9,SoundCheckPassed,1,test passed,2,,,,,,,,yes,No,Si,,,,22009
1,1698071902964,23/10/2023 14:38:22,1698071902821,-4,23/10/2023 10:38:22,121155,36,questionnaire-p3ei,,32432186,BLIND,9598306,,complete,,6536854033e7aaefb597a19b,computer,Desktop or Laptop,Mac OS 10.15.7,Chrome 118.0.0.0,1440x900,1440x707,,,,Consent,9,SoundCheckPassed,1,test passed,3,,,,,,,,yes,No,Si,,,,42508
1,1698073087161,23/10/2023 14:58:07,1698073089899,-4,23/10/2023 10:58:09,121155,36,questionnaire-p3ei,,32432822,BLIND,9598519,,complete,,653689dba2229d83d1dfe88a,computer,Desktop or Laptop,Windows 10,Chrome 118.0.0.0,1536x864,1536x739,,,,Consent,9,SoundCheckPassed,2,test passed,,3,,,,,,,yes,No,Si,,,,23374
1,1698074786720,23/10/2023 15:26:26,1698074789357,-4,23/10/2023 11:26:29,121155,36,questionnaire-p3ei,,32433866,BLIND,9598837,,complete,,65369071b08db0604243ae1e,computer,Desktop or Laptop,Windows 10,Edge 118.0.2088.61,1536x864,1528x742,,,,Consent,9,SoundCheckPassed,5,test passed,,,,,3,,,,yes,No,Si,,,,12253
1,1698081611907,23/10/2023 17:20:11,1698081541843,-7,23/10/2023 10:19:01,121155,36,questionnaire-p3ei,,32436689,BLIND,9599713,,complete,,6536ab1d162c88deae330872,computer,Desktop or Laptop,Windows 10,Chrome 118.0.0.0,1920x1080,1920x963,,,,Consent,9,SoundCheckPassed,3,test passed,,,2,,,,,,yes,No,Si,,,,24710
1,1698097443264,23/10/2023 21:44:03,1698097443112,-4,23/10/2023 17:44:03,121155,36,questionnaire-p3ei,,32443845,BLIND,9601545,,complete,,6536e917e74da7f28c7d08c3,computer,Desktop or Laptop,Mac OS 10.15.7,Chrome 118.0.0.0,2560x1440,1282x1239,,,,Consent,9,SoundCheckPassed,8,test passed,,,,,,,,5,yes,No,Si,,,,11136
1,1698101699014,23/10/2023 22:54:59,1698101698678,-5,23/10/2023 17:54:58,121155,36,questionnaire-p3ei,,32445025,BLIND,9601828,,complete,,6536f9b4a7091698f1fc9b67,computer,Desktop or Laptop,Windows 10,Edge 118.0.2088.61,1280x720,1232x598,,,,Consent,9,SoundCheckPassed,6,test passed,,,,,,8,,,yes,No,Si,,,,5621
1,1698131710332,24/10/2023 07:15:10,1698131710179,-7,24/10/2023 00:15:10,121155,36,questionnaire-p3ei,,32447984,BLIND,9602766,,complete,,65376ee53675c093077f0a00,computer,Desktop or Laptop,Windows 10,Chrome 118.0.0.0,1536x864,1536x707,,,,Consent,9,SoundCheckPassed,4,test passed,,,,2,,,,,yes,No,Si,,,,87489
1,1698133679074,24/10/2023 07:47:59,1698133678781,-7,24/10/2023 00:47:58,121155,36,questionnaire-p3ei,,32448333,BLIND,9602917,,complete,,65377699923dd94a8421cf22,computer,Desktop or Laptop,Windows 10,Chrome 118.0.0.0,1060x597,1060x454,,,,Consent,9,SoundCheckPassed,7,test passed,,,,,,,5,,yes,No,Si,,,,9541
1,1698207591312,25/10/2023 04:19:51,1698207591268,-6,24/10/2023 22:19:51,121155,36,questionnaire-p3ei,,32470721,BLIND,9610587,,complete,,65389757fce5d7e0974fec21,computer,Desktop or Laptop,Windows 10,Edge 117.0.2045.60,1536x864,1488x742,,,,Consent,9,SoundCheckPassed,4,test passed,,,,6,,,,,yes,No,Si,,,,35483
1,1698230796976,25/10/2023 10:46:36,1698230796878,-4,25/10/2023 06:46:36,121155,36,questionnaire-p3ei,,32478639,BLIND,9612465,,complete,,6538f1f65583c8d487aa50b2,computer,Desktop or Laptop,Mac OS 10.15.7,Chrome 116.0.0.0,1920x1080,1920x963,,,,Consent,9,SoundCheckPassed,8,test passed,,,,,,,,2,yes,No,Si,,,,40337
1,1698262816231,25/10/2023 19:40:16,1698262805203,-7,25/10/2023 12:40:05,121155,36,questionnaire-p3ei,,32494755,BLIND,9616993,,complete,,65396f08c08e2d8319ade238,computer,Desktop or Laptop,Windows 10,Chrome 117.0.0.0,1504x1003,1496x879,,,,Consent,9,SoundCheckPassed,1,test passed,7,,,,,,,,yes,No,Si,,,,196927
1,1698280386795,26/10/2023 00:33:06,1698280386471,-4,25/10/2023 20:33:06,121155,36,questionnaire-p3ei,,32498572,BLIND,9618036,,complete,,6539b39c9a10827737460a02,computer,Desktop or Laptop,Mac OS 10.15.7,Safari 17.0,1440x900,1440x820,,,,Consent,9,SoundCheckPassed,7,test passed,,,,,,,1,,yes,No,Si,,,,13259
1,1698289276776,26/10/2023 03:01:16,1698289276358,-4,25/10/2023 23:01:16,121155,36,questionnaire-p3ei,,32499365,BLIND,9618333,,complete,,6539d615614526745164e848,computer,Desktop or Laptop,Windows 10,Chrome 118.0.0.0,1536x864,1536x715,,,,Consent,9,SoundCheckPassed,5,test passed,,,,,1,,,,yes,No,Si,,,,152899
1,1698290039267,26/10/2023 03:13:59,1698290039151,-4,25/10/2023 23:13:59,121155,36,questionnaire-p3ei,,32499507,BLIND,9618345,,complete,,6539d96b12ab32fdfff3a6a4,computer,Desktop or Laptop,Mac OS 10.15.7,Chrome 118.0.0.0,1440x900,1440x815,,,,Consent,9,SoundCheckPassed,3,test passed,,,5,,,,,,yes,No,Si,,,,11103
1,1698301220178,26/10/2023 06:20:20,1698301219921,-6,26/10/2023 00:20:19,121155,36,questionnaire-p3ei,,32500179,BLIND,9618596,,complete,,653a050a082d07a3ad175d97,computer,Desktop or Laptop,Mac OS 10.15.7,Chrome 115.0.0.0,1440x900,1440x815,,,,Consent,9,SoundCheckPassed,6,test passed,,,,,,2,,,yes,No,Si,,,,16386
1,1698333952550,26/10/2023 15:25:52,1698333952486,-5,26/10/2023 10:25:52,121155,36,questionnaire-p3ei,,32512231,BLIND,9622666,,complete,,653a84e92c3e5a14b8c4356c,computer,Desktop or Laptop,Windows 10,Chrome 117.0.0.0,1368x912,1368x755,,,,Consent,9,SoundCheckPassed,2,test passed,,5,,,,,,,yes,No,Si,,,,34940
1,1698538122854,29/10/2023 00:08:42,1698538122642,-5,28/10/2023 19:08:42,121155,36,questionnaire-p3ei,,32552985,BLIND,9632675,,complete,,653da27747329489fed3d8f2,computer,Desktop or Laptop,Mac OS 10.15.7,Chrome 118.0.0.0,1440x900,1280x658,,,,Consent,9,SoundCheckPassed,2,test passed,,7,,,,,,,yes,No,Si,,,,21931
1,1698704599036,30/10/2023 22:23:19,1698704616569,-5,30/10/2023 17:23:36,121155,36,questionnaire-p3ei,,32587066,BLIND,9643180,,complete,,65402c8487c3229f20d2a0db,computer,Desktop or Laptop,Windows 10,Chrome 118.0.0.0,1536x864,1536x695,,,,Consent,9,SoundCheckPassed,6,test passed,,,,,,1,,,yes,No,Si,,,,81470
1,1698810770994,01/11/2023 03:52:50,1698810770606,-7,31/10/2023 20:52:50,121155,36,questionnaire-p3ei,,32611446,BLIND,9652688,,complete,,6541cb7eeeb86176f2ec7948,computer,Desktop or Laptop,Mac OS 10.15.7,Safari 17.0,1440x900,1440x795,,,,Consent,9,SoundCheckPassed,5,test passed,,,,,7,,,,yes,No,Si,,,,20378
1,1698855492692,01/11/2023 16:18:12,1698855492590,-4,01/11/2023 12:18:12,121155,36,questionnaire-p3ei,,32628794,BLIND,9657635,,complete,,65427a33b9991d5427a5823e,computer,Desktop or Laptop,Windows 10,Edge 118.0.2088.76,1368x912,1360x756,,,,Consent,9,SoundCheckPassed,3,test passed,,,1,,,,,,yes,No,Si,,,,5066
1,1698956325540,02/11/2023 20:18:45,1698956324380,-5,02/11/2023 15:18:44,121155,36,questionnaire-p3ei,,32661559,BLIND,9668482,,complete,,654402d3520694e99b0a5715,computer,Desktop or Laptop,Windows 10,Edge 118.0.2088.69,1920x1080,1865x921,,,,Consent,9,SoundCheckPassed,7,test passed,,,,,,,3,,yes,No,Si,,,,25409
1,1698977013239,03/11/2023 02:03:33,1698977013091,-5,02/11/2023 21:03:33,121155,36,questionnaire-p3ei,,32666692,BLIND,9670430,,complete,,654454e9da74c1309b97cb51,computer,Desktop or Laptop,Mac OS 10.15.7,Chrome 119.0.0.0,1440x900,1440x726,,,,Consent,9,SoundCheckPassed,4,test passed,,,,5,,,,,yes,No,Si,,,,5109
1,1699072988865,04/11/2023 04:43:08,1699072988888,-5,03/11/2023 23:43:08,121155,36,questionnaire-p3ei,,32696528,BLIND,9677299,,complete,,6545cbae0d8257d9c82b46eb,computer,Desktop or Laptop,Windows 10,Edge 118.0.2088.76,1366x768,1358x646,,,,Consent,9,SoundCheckPassed,1,test passed,2,,,,,,,,yes,No,Si,,,,31807
1,1699103278699,04/11/2023 13:07:58,1699103278574,-4,04/11/2023 09:07:58,121155,36,questionnaire-p3ei,,32702105,BLIND,9678034,,complete,,65464202bc5bdf5e764f0565,computer,Desktop or Laptop,Mac OS 10.15.7,Safari 15.6.1,1440x900,1356x758,,,,Consent,9,SoundCheckPassed,3,test passed,,,4,,,,,,yes,No,Si,,,,8754
1,1699236101532,06/11/2023 02:01:41,1699236101385,-8,05/11/2023 18:01:41,121155,36,questionnaire-p3ei,,32725263,BLIND,9684323,,complete,,654848e2bc5bdf5e764f4d1a,computer,Desktop or Laptop,Mac OS 10.15.7,Safari 16.5.2,430x932,713x1178,,,,Consent,9,SoundCheckPassed,8,test passed,,,,,,,,6,yes,No,Si,,,,6775
1,1699311271046,06/11/2023 22:54:31,1699311270736,-6,06/11/2023 16:54:30,121155,36,questionnaire-p3ei,,32755257,BLIND,9691990,,complete,,65496e033366bdbeae4621b6,computer,Desktop or Laptop,Windows 10,Chrome 118.0.0.0,1366x768,1366x657,,,,Consent,9,SoundCheckPassed,4,test passed,,,,1,,,,,yes,No,Si,,,,218228
1,1699393488920,07/11/2023 21:44:48,1699393488771,-6,07/11/2023 15:44:48,121155,36,questionnaire-p3ei,,32783268,BLIND,9700962,,complete,,654aafbec5d0516b710b606b,computer,Desktop or Laptop,Mac OS 10.15.7,Chrome 119.0.0.0,1440x900,1412x680,,,,Consent,9,SoundCheckPassed,2,test passed,,1,,,,,,,yes,No,Si,,,,6624
1,1699396348921,07/11/2023 22:32:28,1699396348647,-8,07/11/2023 14:32:28,121155,36,questionnaire-p3ei,,32783872,BLIND,9701230,,complete,,654abaecefcd8fc51dd897ac,computer,Desktop or Laptop,Mac OS 10.15.7,Chrome 118.0.0.0,1440x900,1377x678,,,,Consent,9,SoundCheckPassed,7,test passed,,,,,,,2,,yes,No,Si,,,,60526
1,1699419953007,08/11/2023 05:05:53,1699419955341,-8,07/11/2023 21:05:55,121155,36,questionnaire-p3ei,,32786765,BLIND,9702272,,complete,,654b1716a3e347356572d0bd,computer,Desktop or Laptop,Windows 10,Chrome 118.0.0.0,1920x1080,1920x919,,,,Consent,9,SoundCheckPassed,6,test passed,,,,,,2,,,yes,No,Si,,,,12548
1,1699468467369,08/11/2023 18:34:27,1699468466919,-8,08/11/2023 10:34:26,121155,36,questionnaire-p3ei,,32820381,BLIND,9710000,,complete,,654bd47fd760c373968eb7e2,computer,Desktop or Laptop,Mac OS 10.15.7,Safari 16.5,1440x900,1440x820,,,,Consent,9,SoundCheckPassed,5,test passed,,,,,3,,,,yes,No,Si,,,,8550
1,1699475998042,08/11/2023 20:39:58,1699476016412,-8,08/11/2023 12:40:16,121155,36,questionnaire-p3ei,,32823120,BLIND,9710737,,complete,,654bf1f34f9a85157969037b,computer,Desktop or Laptop,Windows 10,Chrome 119.0.0.0,1920x1080,1884x894,,,,Consent,9,SoundCheckPassed,7,test passed,,,,,,,3,,yes,No,Si,,,,18216
1,1699487723121,08/11/2023 23:55:23,1699487676045,-8,08/11/2023 15:54:36,121155,36,questionnaire-p3ei,,32825804,BLIND,9711635,,complete,,654c1fd36952ab58c736bcd9,computer,Desktop or Laptop,Windows 10,Chrome 119.0.0.0,1920x1080,1920x931,,,,Consent,9,SoundCheckPassed,5,test passed,,,,,4,,,,yes,No,Si,,,,211614
1,1699567831162,09/11/2023 22:10:31,1699567831820,-8,09/11/2023 14:10:31,121155,36,questionnaire-p3ei,,32854533,BLIND,9727096,,complete,,654d585727c1bd0d5736d0df,computer,Desktop or Laptop,Windows 10,Chrome 119.0.0.0,1280x854,1280x685,,,,Consent,9,SoundCheckPassed,8,test passed,,,,,,,,4,yes,No,Si,,,,8058
1,1699657952604,10/11/2023 23:12:32,1699657952393,-8,10/11/2023 15:12:32,121155,36,questionnaire-p3ei,,32879849,BLIND,9737031,,complete,,654eb8cfc56119dbe532f8dc,computer,Desktop or Laptop,Mac OS 10.15.7,Safari 17.0,1440x900,1437x733,,,,Consent,9,SoundCheckPassed,1,test passed,6,,,,,,,,yes,No,Si,,,,6203
1,1699771756533,12/11/2023 06:49:16,1699771756336,-5,12/11/2023 01:49:16,121155,36,questionnaire-p3ei,,32891090,BLIND,9740891,,complete,,6550753f69c45ecbc9cd2ee1,computer,Desktop or Laptop,Mac OS 10.15.7,Opera 102.0.0.0,1280x800,1239x614,,,,Consent,9,SoundCheckPassed,6,test passed,,,,,,8,,,yes,No,Si,,,,77152
1,1699909332683,13/11/2023 21:02:12,1699909330965,-8,13/11/2023 13:02:10,121155,36,questionnaire-p3ei,,32930333,BLIND,9751912,,complete,,65528ebbb9321dfbe5e2a086,computer,Desktop or Laptop,Windows 10,Edge 119.0.0.0,1920x1080,1872x966,,,,Consent,9,SoundCheckPassed,2,test passed,,7,,,,,,,yes,No,Si,,,,7088
1,1699975650665,14/11/2023 15:27:30,1699975650478,-5,14/11/2023 10:27:30,121155,36,questionnaire-p3ei,,32947789,BLIND,9757304,,complete,,655391cc8d320902de4142e8,computer,Desktop or Laptop,Mac OS 10.15.7,Chrome 116.0.0.0,1440x900,1440x815,,,,Consent,9,SoundCheckPassed,4,test passed,,,,8,,,,,yes,No,Si,,,,9192
1,1700001839593,14/11/2023 22:43:59,1700001838557,-8,14/11/2023 14:43:58,121155,36,questionnaire-p3ei,,32960394,BLIND,9760317,,complete,,6553f8027c3d4cc2d6e92f37,computer,Desktop or Laptop,Chromium OS 14541.0.0,Chrome 118.0.0.0,1366x768,1366x660,,,,Consent,9,SoundCheckPassed,3,test passed,,,1,,,,,,yes,No,Si,,,,81601
1,1700024337669,15/11/2023 04:58:57,1700024337347,-7,14/11/2023 21:58:57,121155,36,questionnaire-p3ei,,32964301,BLIND,9761215,,complete,,65544ffe9823ecd3d751ecfb,computer,Desktop or Laptop,Windows 10,Chrome 119.0.0.0,1920x1080,1920x919,,,,Consent,9,SoundCheckPassed,1,test passed,7,,,,,,,,yes,No,Si,,,,14704
1,1700070117802,15/11/2023 17:41:57,1700070117657,-5,15/11/2023 12:41:57,121155,36,questionnaire-p3ei,,32982149,BLIND,9766086,,complete,,655502d55226b62b7190abb4,mobile,undefined K,Android 10,Chrome 119.0.0.0,412x883,412x753,,,,Consent,9,SoundCheckPassed,6,test passed,,,,,,5,,,yes,No,Si,,,,3615
1,1700172186167,16/11/2023 22:03:06,1700172186393,-8,16/11/2023 14:03:06,121155,36,questionnaire-p3ei,,33019470,BLIND,9776320,,complete,,6556918ace7bef2992528394,computer,Desktop or Laptop,Windows 10,Chrome 119.0.0.0,1920x1080,1920x963,,,,Consent,9,SoundCheckPassed,2,test passed,,8,,,,,,,yes,No,Si,,,,5551
1,1700180064191,17/11/2023 00:14:24,1700180064029,-5,16/11/2023 19:14:24,121155,36,questionnaire-p3ei,,33020748,BLIND,9776688,,complete,,6556b0469e9f708e6d6b658d,computer,Desktop or Laptop,Mac OS 10.15.7,Chrome 119.0.0.0,1280x800,1280x679,,,,Consent,9,SoundCheckPassed,3,test passed,,,6,,,,,,yes,No,Si,,,,5811
1,1700203305151,17/11/2023 06:41:45,1700203304773,-8,16/11/2023 22:41:44,121155,36,questionnaire-p3ei,,33023046,BLIND,9777326,,complete,,65570b16fca43fc33525fef7,computer,Desktop or Laptop,Mac OS 10.15.7,Safari 16.6,1440x900,1264x710,,,,Consent,9,SoundCheckPassed,4,test passed,,,,2,,,,,yes,No,Si,,,,18926
1,1700417598093,19/11/2023 18:13:18,1700417598420,-5,19/11/2023 13:13:18,121155,36,questionnaire-p3ei,,33059889,BLIND,9788789,,complete,,655a5033b2406870951a2dfb,computer,Desktop or Laptop,Windows 10,Chrome 119.0.0.0,1536x864,1536x738,,,,Consent,9,SoundCheckPassed,7,test passed,,,,,,,6,,yes,No,Si,,,,50146
1,1700495610449,20/11/2023 15:53:30,1700495610023,-5,20/11/2023 10:53:30,121155,36,questionnaire-p3ei,,33079071,BLIND,9794955,,complete,,655b80e04b045ac58d0cb9ed,computer,Desktop or Laptop,Mac OS 10.15.7,Chrome 119.0.0.0,1440x900,1440x699,,,,Consent,9,SoundCheckPassed,8,test passed,,,,,,,,7,yes,No,Si,,,,18961
1,1700514026056,20/11/2023 21:00:26,1700514027981,-8,20/11/2023 13:00:27,121155,36,questionnaire-p3ei,,33087163,BLIND,9797527,,complete,,655bc8cb50baaed8e1c74cd0,computer,Desktop or Laptop,Windows 10,Chrome 119.0.0.0,1366x768,1364x681,,,,Consent,9,SoundCheckPassed,5,test passed,,,,,2,,,,yes,No,Si,,,,678200
1,1700537450360,21/11/2023 03:30:50,1700537449788,-6,20/11/2023 21:30:49,121155,36,questionnaire-p3ei,,33090304,BLIND,9798637,,complete,,655c2456b7ade7c0c72a6223,computer,Desktop or Laptop,Windows 10,Chrome 119.0.0.0,1440x960,1440x843,,,,Consent,9,SoundCheckPassed,1,test passed,5,,,,,,,,yes,No,Si,,,,22086
1,1700602616320,21/11/2023 21:36:56,1700602615913,-8,21/11/2023 13:36:55,121155,36,questionnaire-p3ei,,33112743,BLIND,9806199,,complete,,655d22d686d182386bf4e14d,computer,Desktop or Laptop,Mac OS 10.15.7,Safari 16.3,1440x900,1351x745,,,,Consent,9,SoundCheckPassed,2,test passed,,6,,,,,,,yes,No,Si,,,,29613
1,1700791664793,24/11/2023 02:07:44,1700791666880,-8,23/11/2023 18:07:46,121155,36,questionnaire-p3ei,,33181024,BLIND,9823936,,complete,,6560053e93f24d1bdbabe3bf,computer,Desktop or Laptop,Windows 10,Edge 119.0.0.0,1423x889,1415x767,,,,Consent,9,SoundCheckPassed,3,test passed,,,7,,,,,,yes,No,Si,,,,37393
1,1700949926153,25/11/2023 22:05:26,1700949925916,-5,25/11/2023 17:05:25,121155,36,questionnaire-p3ei,,33215854,BLIND,9833388,,complete,,65626f99e4e979a116eedcf8,computer,Desktop or Laptop,Mac OS 10.15.7,Chrome 119.0.0.0,1440x900,1324x664,,,,Consent,9,SoundCheckPassed,7,test passed,,,,,,,5,,yes,No,Si,,,,18939
1,1701128990869,27/11/2023 23:49:50,1701128990753,-6,27/11/2023 17:49:50,121155,36,questionnaire-p3ei,,33260396,BLIND,9846813,,complete,,65652afa3fff62c11976dc16,computer,Desktop or Laptop,Windows 10,Chrome 119.0.0.0,1920x1080,1920x919,,,,Consent,9,SoundCheckPassed,8,test passed,,,,,,,,5,yes,No,Si,,,,73581
1,1701229864828,29/11/2023 03:51:04,1701229864646,-5,28/11/2023 22:51:04,121155,36,questionnaire-p3ei,,33285637,BLIND,9854911,,complete,,6566b51c110864dba2b6e099,computer,Desktop or Laptop,Mac OS 10.15.7,Chrome 119.0.0.0,1440x900,1440x729,,,,Consent,9,SoundCheckPassed,6,test passed,,,,,,3,,,yes,No,Si,,,,15094
1,1701285181619,29/11/2023 19:13:01,1701285181446,-6,29/11/2023 13:13:01,121155,36,questionnaire-p3ei,,33305756,BLIND,9861375,,complete,,65678d2c11a8a137e969b7f1,computer,Desktop or Laptop,Mac OS 10.15.7,Chrome 119.0.0.0,1440x900,1440x687,,,,Consent,9,SoundCheckPassed,5,test passed,,,,,7,,,,yes,No,Si,,,,37230
1,1701294343392,29/11/2023 21:45:43,1701294342273,-7,29/11/2023 14:45:42,121155,36,questionnaire-p3ei,,33312791,BLIND,9862858,,complete,,6567b0f354b8a338890b8752,computer,Desktop or Laptop,Windows 10,Chrome 119.0.0.0,1920x1080,1920x931,,,,Consent,9,SoundCheckPassed,4,test passed,,,,7,,,,,yes,No,Si,,,,50096
1,1701311240704,30/11/2023 02:27:20,1701311241374,-8,29/11/2023 18:27:21,121155,36,questionnaire-p3ei,,33317086,BLIND,9864223,,complete,,6567f2f8372ba9e82a08d583,computer,Desktop or Laptop,Windows 10,Firefox 120.0,2560x1440,1390x1179,,,,Consent,9,SoundCheckPassed,1,test passed,3,,,,,,,,yes,No,Si,,,,17020
1,1701313318888,30/11/2023 03:01:58,1701313317903,-5,29/11/2023 22:01:57,121155,36,questionnaire-p3ei,,33317219,BLIND,9864269,,complete,,6567fb036e509de196741d20,computer,Desktop or Laptop,Mac OS 10.15.7,Chrome 119.0.0.0,1440x900,1440x688,,,,Consent,9,SoundCheckPassed,7,test passed,,,,,,,8,,yes,No,Si,,,,34416
1,1701650779208,04/12/2023 00:46:19,1701650780265,-7,03/12/2023 17:46:20,121155,36,questionnaire-p3ei,,33392394,BLIND,9884193,,complete,,656d2119a493120fccf075e6,computer,Desktop or Laptop,Windows 10,Chrome 119.0.0.0,1536x864,1536x715,,,,Consent,9,SoundCheckPassed,5,test passed,,,,,1,,,,yes,No,Si,,,,5388
1,1701667686967,04/12/2023 05:28:06,1701667686836,-6,03/12/2023 23:28:06,121155,36,questionnaire-p3ei,,33393738,BLIND,9884526,,complete,,656d634882b6039c507c2234,mobile,Apple iPhone,iOS 17.1.2,Mobile Safari 17.1.2,393x852,393x659,,,,Consent,9,SoundCheckPassed,3,test passed,,,8,,,,,,yes,No,Si,,,,7996
1,1701738523144,05/12/2023 01:08:43,1701738523039,-5,04/12/2023 20:08:43,121155,36,questionnaire-p3ei,,33422489,BLIND,9892995,,complete,,656e78032d5df0b85f512470,computer,Desktop or Laptop,Mac OS 10.15.7,Chrome 115.0.0.0,1280x800,1257x601,,,,Consent,9,SoundCheckPassed,8,test passed,,,,,,,,2,yes,No,Si,,,,18070
1,1701742395946,05/12/2023 02:13:15,1701742395815,-7,04/12/2023 19:13:15,121155,36,questionnaire-p3ei,,33422909,BLIND,9893114,,complete,,656e8722f4bc804e9c9ad8a9,computer,Desktop or Laptop,Windows 10,Chrome 119.0.0.0,1739x979,1740x811,,,,Consent,9,SoundCheckPassed,2,test passed,,4,,,,,,,yes,No,Si,,,,55051
1,1702086863162,09/12/2023 01:54:23,1702086863053,-6,08/12/2023 19:54:23,121155,36,questionnaire-p3ei,,33556374,BLIND,9934113,,complete,,65739b797d0803195bed89fe,computer,Desktop or Laptop,Mac OS 10.15.7,Chrome 118.0.0.0,1440x900,1440x783,,,,Consent,9,SoundCheckPassed,4,test passed,,,,3,,,,,yes,No,Si,,,,50340
1,1702424859193,12/12/2023 23:47:39,1702424859207,-7,12/12/2023 16:47:39,121155,36,questionnaire-p3ei,,33624339,BLIND,9952968,,complete,,6578f1056457e054e58a893d,computer,Desktop or Laptop,Windows 10,Chrome 120.0.0.0,1280x800,1280x675,,,,Consent,9,SoundCheckPassed,1,test passed,8,,,,,,,,yes,No,Si,,,,108333
1,1702452774067,13/12/2023 07:32:54,1702452773215,-8,12/12/2023 23:32:53,121155,36,questionnaire-p3ei,,33626581,BLIND,9953703,,complete,,65795e021e5a04bd4b2d158f,computer,Desktop or Laptop,Chromium OS 14541.0.0,Chrome 116.0.0.0,1366x768,1707x765,,,,Consent,9,SoundCheckPassed,8,test passed,,,,,,,,1,yes,No,Si,,,,12424
1,1702501447820,13/12/2023 21:04:07,1702501447652,-5,13/12/2023 16:04:07,121155,36,questionnaire-p3ei,,33650803,BLIND,9959320,,complete,,657a1c37eed9c33b432d6db1,computer,Desktop or Laptop,Mac OS 10.15.7,Chrome 119.0.0.0,1280x800,1280x679,,,,Consent,9,SoundCheckPassed,2,test passed,,1,,,,,,,yes,No,Si,,,,4425
1,1702526702034,14/12/2023 04:05:02,1702526701875,-8,13/12/2023 20:05:01,121155,36,questionnaire-p3ei,,33655737,BLIND,9960333,,complete,,657a7ed6f7f4169c437fcd47,computer,Desktop or Laptop,Mac OS 10.15.7,Chrome 120.0.0.0,1280x800,1280x690,,,,Consent,9,SoundCheckPassed,7,test passed,,,,,,,1,,yes,No,Si,,,,22560
1,1702534824336,14/12/2023 06:20:24,1702534824123,-6,14/12/2023 00:20:24,121155,36,questionnaire-p3ei,,33656154,BLIND,9960437,,complete,,657a9e9a45eebb6b2b8f0b34,computer,Desktop or Laptop,Windows 10,Firefox 120.0,1536x864,1536x750,,,,Consent,9,SoundCheckPassed,2,test passed,,3,,,,,,,yes,No,Si,,,,3201
1,1702619893715,15/12/2023 05:58:13,1702619892873,-7,14/12/2023 22:58:12,121155,36,questionnaire-p3ei,,33692745,BLIND,9967288,,complete,,657bead82b0e3ae3ebef52c4,computer,Desktop or Laptop,Windows 10,Chrome 120.0.0.0,1536x864,1536x695,,,,Consent,9,SoundCheckPassed,4,test passed,,,,5,,,,,yes,No,Si,,,,9573
1,1702699896631,16/12/2023 04:11:36,1702699896515,-6,15/12/2023 22:11:36,121155,36,questionnaire-p3ei,,33723390,BLIND,9974543,,complete,,657d236434fdea95a1c0809d,computer,Desktop or Laptop,Mac OS 10.15.7,Chrome 120.0.0.0,2240x1260,1207x1019,,,,Consent,9,SoundCheckPassed,5,test passed,,,,,6,,,,yes,No,Si,,,,9017
1,1702702936176,16/12/2023 05:02:16,1702702936034,-5,16/12/2023 00:02:16,121155,36,questionnaire-p3ei,,33723532,BLIND,9974591,,complete,,657d2f46ad9d959333f55476,computer,Desktop or Laptop,Mac OS 10.15.7,Chrome 119.0.0.0,1728x1117,1728x880,,,,Consent,9,SoundCheckPassed,3,test passed,,,5,,,,,,yes,No,Si,,,,6065
1,1702744665162,16/12/2023 16:37:45,1702744665440,-5,16/12/2023 11:37:45,121155,36,questionnaire-p3ei,,33728183,BLIND,9976070,,complete,,657dd23e12a15c00fa20457d,computer,Desktop or Laptop,Windows 10,Chrome 120.0.0.0,2048x1152,2048x1026,,,,Consent,9,SoundCheckPassed,6,test passed,,,,,,4,,,yes,No,Si,,,,8022
1,1702791330725,17/12/2023 05:35:30,1702791326409,-8,16/12/2023 21:35:26,121155,36,questionnaire-p3ei,,33731452,BLIND,9977064,,complete,,657e88561b15b271b872433a,computer,Desktop or Laptop,Windows 10,Chrome 120.0.0.0,1536x864,1536x703,,,,Consent,9,SoundCheckPassed,7,test passed,,,,,,,4,,yes,No,Si,,,,37690
1,1702933005044,18/12/2023 20:56:45,1702933004871,-8,18/12/2023 12:56:44,121155,36,questionnaire-p3ei,,33765778,BLIND,9987416,,complete,,6580b1fdc084a4d9ff21ef29,computer,Desktop or Laptop,Mac OS 10.15.7,Chrome 120.0.0.0,1728x1117,1728x937,,,,Consent,9,SoundCheckPassed,8,test passed,,,,,,,,3,yes,No,Si,,,,9859
1,1701820420361,05/12/2023 23:53:40,1701820420085,-8,05/12/2023 15:53:40,121155,36,questionnaire-p3ei,,33461371,BLIND,9902196,,complete,,656fb7d7b8c816975e7ea697,computer,Desktop or Laptop,Windows 10,Chrome 119.0.0.0,1920x1080,1920x931,,,,Consent,9,SoundCheckPassed,4,test passed,,,,6,,,,,yes,No,Si,,,,5816
1,1701840894237,06/12/2023 05:34:54,1701840894034,-6,05/12/2023 23:34:54,121155,36,questionnaire-p3ei,,33464038,BLIND,9902923,,complete,,657007ee8aae019b0f0a5228,computer,Desktop or Laptop,Mac OS 10.15.7,Chrome 119.0.0.0,1440x900,1200x636,,,,Consent,9,SoundCheckPassed,6,test passed,,,,,,7,,,yes,No,Si,,,,9050
1,1701902555686,06/12/2023 22:42:35,1701902556433,-5,06/12/2023 17:42:36,121155,36,questionnaire-p3ei,,33503783,BLIND,9910806,,complete,,6570f8c7d5ed48e7addc9ab2,computer,Desktop or Laptop,Windows 10,Edge 119.0.0.0,2560x1440,2505x1321,,,,Consent,9,SoundCheckPassed,3,test passed,,,2,,,,,,yes,No,Si,,,,3743
1,1701926759382,07/12/2023 05:25:59,1701926759245,-8,06/12/2023 21:25:59,121155,36,questionnaire-p3ei,,33507254,BLIND,9911893,,complete,,6571573bdc75f34174a33611,computer,Desktop or Laptop,Windows 10,Chrome 118.0.0.0,1536x864,1536x707,,,,Consent,9,SoundCheckPassed,5,test passed,,,,,8,,,,yes,No,Si,,,,18751
1,1701999297669,08/12/2023 01:34:57,1701999294059,-8,07/12/2023 17:34:54,121155,36,questionnaire-p3ei,,33534565,BLIND,9928018,,complete,,657272b37d0803195bed4a07,computer,Desktop or Laptop,Mac OS 10.15.7,Safari 17.1.2,2048x1152,1374x977,,,,Consent,9,SoundCheckPassed,6,test passed,,,,,,1,,,yes,No,Si,,,,12034
1,1702933586309,18/12/2023 21:06:26,1702933587522,-5,18/12/2023 16:06:27,121155,36,questionnaire-p3ei,,33765932,BLIND,9987448,,complete,,6580b4323103d69edefeb6d2,computer,Desktop or Laptop,Windows 10,Avast Secure Browser 119.0.0.0,1536x864,1536x707,,,,Consent,9,SoundCheckPassed,1,test passed,4,,,,,,,,yes,No,Si,,,,47278
1,1702955622744,19/12/2023 03:13:42,1702955623269,-8,18/12/2023 19:13:43,121155,36,questionnaire-p3ei,,33771885,BLIND,9989475,,complete,,65810a296b75949cc58569e7,computer,Desktop or Laptop,Windows 10,Edge 120.0.0.0,1536x864,1488x742,,,,Consent,9,SoundCheckPassed,3,test passed,,,8,,,,,,yes,No,Si,,,,45304
END OF FILE
